1080, 1, 0.08, 0, 35, 51.55, 51.83
1331, 1, 51.79, 50, 35, 51.58, 51.83
1582, 1, 51.95, 51, 35, 51.55, 51.8
1833, 1, 52.19, 51, 35, 51.55, 51.8
2084, 1, 52.43, 53, 35, 51.55, 51.78
2335, 1, 52.59, 54, 35, 51.55, 51.75
2602, 1, 52.83, 54, 35, 51.58, 51.75
2853, 1, 52.99, 56, 35, 51.55, 51.75
3104, 1, 53.23, 56, 35, 51.58, 51.75
3355, 1, 53.39, 56, 35, 51.58, 51.78
3606, 1, 53.63, 57, 35, 51.6, 51.8
3857, 1, 53.79, 57, 35, 51.63, 51.8
4108, 1, 54.03, 59, 35, 51.65, 51.8
4359, 1, 54.19, 60, 35, 51.65, 51.8
4610, 1, 54.43, 61, 35, 51.68, 51.78
4861, 1, 54.59, 62, 35, 51.68, 51.8
5112, 1, 54.83, 62, 35, 51.7, 51.83
5363, 1, 54.99, 62, 35, 51.72, 51.85
5614, 1, 55.23, 64, 35, 51.72, 51.88
5865, 1, 55.39, 64, 35, 51.75, 51.85
6116, 1, 55.63, 65, 35, 51.75, 51.88
6367, 1, 55.79, 66, 35, 51.75, 51.85
6618, 1, 56.03, 67, 35, 51.78, 51.85
6869, 1, 56.19, 67, 35, 51.78, 51.9
7120, 1, 56.43, 68, 35, 51.83, 51.93
7371, 1, 56.59, 68, 35, 51.88, 51.93
7622, 1, 56.83, 69, 35, 51.93, 51.97
7873, 1, 56.99, 70, 35, 51.97, 51.97
8124, 1, 57.23, 71, 35, 52.0, 51.97
8375, 1, 57.39, 72, 35, 52.03, 52.0
8626, 1, 57.63, 72, 35, 52.1, 52.0
8877, 1, 57.79, 72, 35, 52.15, 52.0
9128, 1, 58.03, 73, 35, 52.22, 52.0
9379, 1, 58.19, 74, 35, 52.25, 52.0
9630, 1, 58.43, 75, 35, 52.25, 52.0
9881, 1, 58.59, 76, 35, 52.25, 52.0
10132, 1, 58.83, 77, 35, 52.25, 52.0
10402, 1, 59.07, 78, 35, 52.28, 52.0
10653, 1, 59.23, 79, 35, 52.28, 52.0
10904, 1, 59.47, 79, 35, 52.33, 52.0
11155, 1, 59.63, 80, 35, 52.38, 52.0
11406, 1, 59.87, 80, 35, 52.43, 52.0
11657, 1, 60.03, 81, 35, 52.47, 52.03
11908, 1, 60.27, 82, 35, 52.55, 52.08
12159, 1, 60.43, 82, 35, 52.6, 52.13
12410, 1, 60.67, 83, 35, 52.65, 52.2
12661, 1, 60.83, 84, 35, 52.7, 52.22
12912, 1, 61.07, 85, 35, 52.72, 52.25
13163, 1, 61.23, 86, 35, 52.72, 52.25
13414, 1, 61.47, 87, 35, 52.78, 52.25
13665, 1, 61.63, 87, 35, 52.83, 52.25
13916, 1, 61.87, 88, 35, 52.9, 52.28
14167, 1, 62.03, 88, 35, 52.95, 52.33
14418, 1, 62.27, 88, 35, 53.05, 52.4
14669, 1, 62.43, 89, 35, 53.1, 52.45
14920, 1, 62.67, 90, 35, 53.2, 52.53
15171, 1, 62.83, 91, 35, 53.28, 52.55
15422, 1, 63.07, 91, 35, 53.38, 52.63
15673, 1, 63.23, 91, 35, 53.47, 52.68
15924, 1, 63.47, 92, 35, 53.6, 52.72
16175, 1, 63.63, 92, 35, 53.7, 52.78
16426, 1, 63.87, 93, 35, 53.85, 52.83
16677, 1, 64.03, 94, 35, 53.93, 52.88
16928, 1, 64.27, 94, 35, 54.05, 52.95
17179, 1, 64.43, 94, 35, 54.13, 53.0
17430, 1, 64.67, 95, 35, 54.22, 53.1
17681, 1, 64.83, 96, 35, 54.3, 53.15
17932, 1, 65.07, 96, 35, 54.45, 53.22
18183, 1, 65.23, 96, 35, 54.55, 53.3
18434, 1, 65.47, 96, 35, 54.75, 53.35
18685, 1, 65.71, 96, 35, 54.97, 53.43
18936, 1, 65.87, 97, 35, 55.08, 53.53
19187, 1, 66.11, 97, 35, 55.28, 53.63
19438, 1, 66.27, 97, 35, 55.43, 53.68
19703, 1, 66.51, 97, 35, 55.63, 53.75
19954, 1, 66.67, 97, 35, 55.83, 53.8
20205, 1, 66.91, 97, 35, 56.1, 53.88
20456, 1, 67.07, 98, 35, 56.28, 53.95
20707, 1, 67.31, 98, 35, 56.53, 54.1
20958, 1, 67.47, 98, 35, 56.68, 54.15
21209, 1, 67.71, 98, 35, 56.95, 54.3
21460, 1, 67.87, 97, 35, 57.18, 54.38
21711, 1, 68.11, 97, 35, 57.5, 54.45
21962, 1, 68.27, 97, 35, 57.7, 54.55
22213, 1, 68.51, 98, 35, 57.9, 54.63
22464, 1, 68.67, 98, 35, 58.0, 54.68
22715, 1, 68.91, 99, 35, 58.15, 54.83
22966, 1, 69.07, 99, 35, 58.25, 54.88
23217, 1, 69.31, 99, 35, 58.5, 55.0
23468, 1, 69.47, 99, 35, 58.68, 55.1
23719, 1, 69.71, 99, 35, 58.95, 55.22
23970, 1, 69.87, 99, 35, 59.15, 55.33
24221, 1, 70.11, 99, 35, 59.4, 55.5
24472, 1, 70.27, 99, 35, 59.55, 55.6
24723, 1, 70.51, 100, 35, 59.8, 55.78
24974, 1, 70.67, 99, 35, 59.97, 55.9
25225, 1, 70.91, 100, 35, 60.22, 56.08
25476, 1, 71.07, 99, 35, 60.4, 56.2
25727, 1, 71.31, 99, 35, 60.7, 56.38
25978, 1, 71.47, 99, 35, 60.93, 56.5
26229, 1, 71.71, 98, 35, 61.28, 56.65
26480, 1, 71.87, 98, 35, 61.53, 56.78
26731, 1, 72.11, 98, 35, 61.85, 56.97
26982, 1, 72.27, 98, 35, 62.05, 57.1
27233, 1, 72.51, 98, 35, 62.38, 57.3
27484, 1, 72.67, 98, 35, 62.58, 57.45
27735, 1, 72.91, 98, 35, 62.93, 57.6
27986, 1, 73.15, 98, 35, 63.22, 57.75
28237, 1, 73.31, 98, 35, 63.43, 57.9
28488, 1, 73.55, 97, 35, 63.72, 58.1
28739, 1, 73.71, 97, 35, 63.93, 58.25
29005, 1, 73.95, 97, 35, 64.22, 58.5
29256, 1, 74.11, 97, 35, 64.43, 58.63
29507, 1, 74.35, 97, 35, 64.68, 58.83
29758, 1, 74.51, 98, 35, 64.82, 58.97
30009, 1, 74.75, 97, 35, 65.07, 59.15
30260, 1, 74.91, 98, 35, 65.27, 59.3
30511, 1, 75.15, 97, 35, 65.57, 59.53
30762, 1, 75.31, 97, 35, 65.77, 59.68
31013, 1, 75.55, 97, 35, 66.07, 59.9
31264, 1, 75.71, 98, 35, 66.25, 60.05
31515, 1, 75.95, 97, 35, 66.55, 60.3
31766, 1, 76.11, 97, 35, 66.77, 60.45
32017, 1, 76.35, 97, 35, 67.1, 60.7
32268, 1, 76.51, 96, 35, 67.32, 60.85
32519, 1, 76.75, 96, 35, 67.68, 61.08
32770, 1, 76.91, 96, 35, 67.93, 61.25
33021, 1, 77.15, 95, 35, 68.32, 61.58
33272, 1, 77.31, 95, 35, 68.6, 61.78
33523, 1, 77.55, 94, 35, 68.97, 62.03
33774, 1, 77.71, 95, 35, 69.2, 62.18
34025, 1, 77.95, 94, 35, 69.57, 62.38
34276, 1, 78.11, 94, 35, 69.82, 62.55
34527, 1, 78.35, 93, 35, 70.22, 62.8
34778, 1, 78.51, 92, 35, 70.52, 62.97
35029, 1, 78.75, 91, 35, 71.0, 63.25
35280, 1, 78.91, 90, 35, 71.35, 63.4
35531, 1, 79.15, 90, 35, 71.85, 63.65
35782, 1, 79.31, 88, 35, 72.2, 63.85
36033, 1, 79.55, 88, 35, 72.68, 64.1
36284, 1, 79.71, 87, 35, 72.97, 64.27
36535, 1, 79.95, 86, 35, 73.47, 64.47
36805, 1, 80.19, 86, 35, 73.93, 64.75
37056, 1, 80.35, 86, 35, 74.22, 64.95
37307, 1, 80.59, 85, 35, 74.72, 65.25
37558, 1, 80.75, 84, 35, 75.0, 65.43
37809, 1, 80.99, 84, 35, 75.37, 65.7
38060, 1, 81.15, 84, 35, 75.65, 65.85
38311, 1, 81.39, 83, 35, 76.02, 66.1
38562, 1, 81.55, 82, 35, 76.35, 66.3
38813, 1, 81.79, 81, 35, 76.9, 66.57
39064, 1, 81.95, 80, 35, 77.22, 66.77
39315, 1, 82.19, 79, 35, 77.72, 67.07
39566, 1, 82.35, 79, 35, 78.02, 67.25
39817, 1, 82.59, 78, 35, 78.45, 67.55
40068, 1, 82.75, 78, 35, 78.72, 67.75
40319, 1, 82.99, 78, 35, 79.12, 68.02
40570, 1, 83.15, 77, 35, 79.37, 68.22
40821, 1, 83.39, 78, 35, 79.72, 68.52
41072, 1, 83.55, 77, 35, 79.95, 68.72
41323, 1, 83.79, 76, 35, 80.27, 69.07
41574, 1, 83.95, 76, 35, 80.5, 69.3
41825, 1, 84.19, 75, 35, 80.9, 69.62
42076, 1, 84.35, 75, 35, 81.2, 69.85
42327, 1, 84.59, 74, 35, 81.65, 70.15
42578, 1, 84.75, 73, 35, 81.97, 70.35
42829, 1, 84.99, 72, 35, 82.5, 70.68
43080, 1, 85.15, 71, 35, 82.87, 70.87
43331, 1, 85.39, 70, 35, 83.45, 71.18
43582, 1, 85.55, 69, 35, 83.8, 71.37
43833, 1, 85.79, 68, 35, 84.3, 71.68
44084, 1, 85.95, 67, 35, 84.62, 71.9
44335, 1, 86.19, 66, 35, 85.15, 72.2
44604, 1, 86.43, 65, 35, 85.68, 72.5
44855, 1, 86.59, 64, 35, 86.02, 72.7
45106, 1, 86.83, 64, 35, 86.47, 72.97
45357, 1, 86.99, 63, 35, 86.77, 73.18
45608, 1, 87.23, 63, 35, 87.2, 73.43
45859, 1, 87.39, 63, 35, 87.45, 73.6
46110, 1, 87.63, 61, 35, 87.87, 73.87
46361, 1, 87.79, 62, 35, 88.12, 74.05
46612, 1, 88.03, 60, 35, 88.55, 74.37
46863, 1, 88.19, 59, 35, 88.9, 74.57
47114, 1, 88.43, 59, 35, 89.35, 74.87
47365, 1, 88.59, 58, 35, 89.7, 75.1
47616, 1, 88.83, 58, 35, 90.12, 75.4
47867, 1, 88.99, 57, 35, 90.4, 75.62
48118, 1, 89.23, 56, 35, 90.8, 75.95
48369, 1, 89.39, 56, 35, 91.02, 76.15
48620, 1, 89.63, 56, 35, 91.4, 76.47
48871, 1, 89.79, 56, 35, 91.6, 76.65
49122, 1, 90.03, 56, 35, 91.9, 76.93
49373, 1, 90.19, 55, 35, 92.12, 77.1
49624, 1, 90.43, 54, 35, 92.5, 77.4
49875, 1, 90.59, 54, 35, 92.75, 77.6
50126, 1, 90.83, 53, 35, 93.15, 77.9
50377, 1, 90.99, 53, 35, 93.4, 78.15
50628, 1, 91.23, 52, 35, 93.8, 78.47
50879, 1, 91.39, 51, 35, 94.1, 78.72
51130, 1, 91.63, 50, 35, 94.57, 79.1
51381, 1, 91.79, 49, 35, 94.9, 79.3
51632, 1, 92.03, 49, 35, 95.35, 79.57
51883, 1, 92.19, 48, 35, 95.6, 79.75
52134, 1, 92.43, 49, 35, 95.93, 80.0
52385, 1, 92.59, 48, 35, 96.12, 80.18
52636, 1, 92.83, 48, 35, 96.43, 80.45
52887, 1, 93.07, 47, 35, 96.8, 80.72
53138, 1, 93.23, 47, 35, 97.07, 80.93
53389, 1, 93.47, 46, 35, 97.43, 81.22
53640, 1, 93.63, 46, 35, 97.65, 81.45
53906, 1, 93.87, 46, 35, 97.9, 81.77
54157, 1, 94.03, 47, 35, 98.05, 81.95
54408, 1, 94.27, 46, 35, 98.32, 82.2
54659, 1, 94.43, 46, 35, 98.5, 82.37
54910, 1, 94.67, 46, 35, 98.8, 82.55
55161, 1, 94.83, 45, 35, 99.02, 82.7
55412, 1, 95.07, 45, 35, 99.35, 82.93
55663, 1, 95.23, 44, 35, 99.57, 83.05
55914, 1, 95.47, 44, 35, 99.95, 83.3
56165, 1, 95.63, 44, 35, 100.18, 83.45
56416, 1, 95.87, 43, 35, 100.47, 83.7
56667, 1, 96.03, 44, 35, 100.65, 83.93
56918, 1, 96.27, 44, 35, 100.87, 84.22
57169, 1, 96.43, 44, 35, 101.02, 84.43
57420, 1, 96.67, 43, 35, 101.32, 84.72
57671, 1, 96.83, 42, 35, 101.62, 84.87
57922, 1, 97.07, 41, 35, 102.02, 85.12
58173, 1, 97.23, 40, 35, 102.32, 85.32
58424, 1, 97.47, 39, 35, 102.75, 85.57
58675, 1, 97.63, 39, 35, 103.0, 85.75
58926, 1, 97.87, 39, 35, 103.37, 86.0
59177, 1, 98.03, 38, 35, 103.6, 86.15
59428, 1, 98.27, 38, 35, 103.95, 86.4
59679, 1, 98.43, 38, 35, 104.18, 86.57
59930, 1, 98.67, 38, 35, 104.5, 86.8
60181, 1, 98.83, 37, 35, 104.7, 86.95
60432, 1, 99.07, 38, 35, 104.9, 87.22
60683, 1, 99.23, 39, 35, 105.0, 87.37
60934, 1, 99.47, 39, 35, 105.15, 87.68
61185, 1, 99.63, 39, 35, 105.22, 87.87
61436, 1, 99.87, 39, 35, 105.45, 88.05
61705, 1, 100.11, 39, 35, 105.62, 88.3
61956, 1, 100.27, 39, 35, 105.75, 88.5
62207, 1, 100.51, 39, 35, 105.97, 88.75
62458, 1, 100.67, 39, 35, 106.12, 88.93
62709, 1, 100.91, 38, 35, 106.4, 89.18
62960, 1, 101.07, 38, 35, 106.6, 89.32
63211, 1, 101.31, 38, 35, 106.9, 89.6
63462, 1, 101.47, 37, 35, 107.1, 89.75
63713, 1, 101.71, 38, 35, 107.35, 90.0
63964, 1, 101.87, 38, 35, 107.5, 90.12
64215, 1, 102.11, 38, 35, 107.72, 90.3
64466, 1, 102.27, 38, 35, 107.85, 90.45
64717, 1, 102.51, 37, 35, 108.12, 90.62
64968, 1, 102.67, 37, 35, 108.27, 90.77
65219, 1, 102.91, 37, 35, 108.55, 91.0
65470, 1, 103.07, 37, 35, 108.75, 91.15
65721, 1, 103.31, 36, 35, 109.05, 91.4
65972, 1, 103.47, 36, 35, 109.25, 91.52
66223, 1, 103.71, 36, 35, 109.52, 91.75
66474, 1, 103.87, 36, 35, 109.7, 91.9
66725, 1, 104.11, 36, 35, 109.9, 92.07
66976, 1, 104.27, 36, 35, 110.1, 92.22
67227, 1, 104.51, 36, 35, 110.3, 92.4
67478, 1, 104.67, 36, 35, 110.45, 92.52
67729, 1, 104.91, 37, 35, 110.62, 92.77
67980, 1, 105.07, 37, 35, 110.68, 92.93
68231, 1, 105.31, 37, 35, 110.8, 93.2
68482, 1, 105.47, 38, 35, 110.9, 93.35
68733, 1, 105.71, 36, 35, 111.22, 93.52
68984, 1, 105.87, 35, 35, 111.47, 93.68
69235, 1, 106.11, 36, 35, 111.8, 93.87
69486, 1, 106.27, 35, 35, 111.97, 94.05
69737, 1, 106.51, 37, 35, 112.07, 94.3
69988, 1, 106.75, 38, 35, 112.18, 94.5
70239, 1, 106.91, 37, 35, 112.32, 94.65
70490, 1, 107.15, 37, 35, 112.6, 94.8
70741, 1, 107.31, 37, 35, 112.75, 94.95
71007, 1, 107.55, 36, 35, 112.97, 95.12
71258, 1, 107.71, 37, 35, 113.02, 95.22
71509, 1, 107.95, 38, 35, 113.07, 95.43
71760, 1, 108.11, 39, 35, 113.12, 95.57
72011, 1, 108.35, 40, 35, 113.2, 95.8
72262, 1, 108.51, 39, 35, 113.32, 95.93
72513, 1, 108.75, 39, 35, 113.52, 96.12
72764, 1, 108.91, 39, 35, 113.68, 96.22
73015, 1, 109.15, 39, 35, 113.87, 96.45
73266, 1, 109.31, 39, 35, 113.95, 96.57
73517, 1, 109.55, 40, 35, 114.0, 96.75
73768, 1, 109.71, 41, 35, 114.05, 96.85
74019, 1, 109.95, 42, 35, 114.12, 96.93
74270, 1, 110.11, 41, 35, 114.22, 97.0
74521, 1, 110.35, 42, 35, 114.4, 97.12
74772, 1, 110.51, 42, 35, 114.47, 97.22
75023, 1, 110.75, 43, 35, 114.6, 97.47
75274, 1, 110.91, 43, 35, 114.65, 97.65
75525, 1, 111.15, 44, 35, 114.68, 97.85
75776, 1, 111.31, 45, 35, 114.65, 98.0
76027, 1, 111.55, 46, 35, 114.6, 98.2
76278, 1, 111.71, 47, 35, 114.6, 98.35
76529, 1, 111.95, 48, 35, 114.62, 98.57
76780, 1, 112.11, 48, 35, 114.68, 98.7
77031, 1, 112.35, 48, 35, 114.77, 98.87
77282, 1, 112.51, 48, 35, 114.82, 99.0
77533, 1, 112.75, 48, 35, 115.0, 99.22
77784, 1, 112.91, 47, 35, 115.18, 99.37
78035, 1, 113.15, 46, 35, 115.52, 99.6
78286, 1, 113.31, 46, 35, 115.77, 99.68
78537, 1, 113.55, 47, 35, 116.02, 99.77
78808, 1, 113.79, 48, 35, 116.2, 99.9
79059, 1, 113.95, 48, 35, 116.3, 99.97
79310, 1, 114.19, 49, 35, 116.37, 100.12
79561, 1, 114.35, 48, 35, 116.5, 100.25
79812, 1, 114.59, 49, 35, 116.65, 100.43
80063, 1, 114.75, 48, 35, 116.8, 100.52
80314, 1, 114.99, 48, 35, 117.1, 100.75
80565, 1, 115.15, 48, 35, 117.25, 100.87
80816, 1, 115.39, 48, 35, 117.45, 101.05
81067, 1, 115.55, 50, 35, 117.5, 101.2
81318, 1, 115.79, 51, 35, 117.52, 101.4
81569, 1, 115.95, 51, 35, 117.6, 101.52
81820, 1, 116.19, 50, 35, 117.8, 101.7
82071, 1, 116.35, 50, 35, 117.95, 101.8
82322, 1, 116.59, 50, 35, 118.18, 101.93
82573, 1, 116.75, 50, 35, 118.32, 102.05
82824, 1, 116.99, 50, 35, 118.55, 102.25
83075, 1, 117.15, 50, 35, 118.75, 102.35
83326, 1, 117.39, 49, 35, 119.07, 102.52
83577, 1, 117.55, 49, 35, 119.27, 102.62
83828, 1, 117.79, 49, 35, 119.55, 102.77
84079, 1, 117.95, 50, 35, 119.65, 102.93
84330, 1, 118.19, 51, 35, 119.75, 103.12
84581, 1, 118.35, 51, 35, 119.77, 103.25
84832, 1, 118.59, 53, 35, 119.77, 103.47
85083, 1, 118.75, 53, 35, 119.82, 103.6
85334, 1, 118.99, 53, 35, 119.97, 103.8
85585, 1, 119.15, 52, 35, 120.18, 103.93
85836, 1, 119.39, 51, 35, 120.43, 104.07
86087, 1, 119.55, 53, 35, 120.52, 104.18
86338, 1, 119.79, 54, 35, 120.65, 104.32
86589, 1, 119.95, 55, 35, 120.68, 104.4
86840, 1, 120.19, 55, 35, 120.8, 104.52
87091, 1, 120.35, 53, 35, 121.0, 104.6
87342, 1, 120.59, 53, 35, 121.25, 104.7
87593, 1, 120.83, 54, 35, 121.35, 104.85
87844, 1, 120.99, 55, 35, 121.37, 104.93
88112, 1, 121.23, 58, 35, 121.27, 105.07
88363, 1, 121.39, 58, 35, 121.25, 105.18
88614, 1, 121.63, 57, 35, 121.37, 105.32
88865, 1, 121.79, 58, 35, 121.47, 105.45
89116, 1, 122.03, 57, 35, 121.75, 105.65
89367, 1, 122.19, 57, 35, 121.93, 105.8
89618, 1, 122.43, 57, 35, 122.15, 106.02
89869, 1, 122.59, 57, 35, 122.3, 106.15
90120, 1, 122.83, 58, 35, 122.43, 106.32
90371, 1, 122.99, 59, 35, 122.47, 106.45
90622, 1, 123.23, 60, 35, 122.55, 106.65
90873, 1, 123.39, 60, 35, 122.6, 106.77
91124, 1, 123.63, 61, 35, 122.68, 106.97
91375, 1, 123.79, 62, 35, 122.7, 107.1
91626, 1, 124.03, 63, 35, 122.72, 107.3
91877, 1, 124.19, 63, 35, 122.77, 107.45
92128, 1, 124.43, 63, 35, 122.93, 107.62
92379, 1, 124.59, 62, 35, 123.05, 107.75
92630, 1, 124.83, 63, 35, 123.22, 107.95
92881, 1, 124.99, 63, 35, 123.32, 108.07
93132, 1, 125.23, 64, 35, 123.43, 108.3
93383, 1, 125.39, 64, 35, 123.52, 108.45
93634, 1, 125.63, 65, 35, 123.68, 108.65
93885, 1, 125.79, 65, 35, 123.8, 108.77
94136, 1, 126.03, 64, 35, 124.07, 108.97
94387, 1, 126.19, 64, 35, 124.22, 109.1
94638, 1, 126.43, 64, 35, 124.4, 109.27
94889, 1, 126.59, 65, 35, 124.52, 109.43
95140, 1, 126.83, 67, 35, 124.55, 109.6
95391, 1, 126.99, 68, 35, 124.55, 109.72
95642, 1, 127.23, 68, 35, 124.57, 109.93
95913, 1, 127.47, 70, 35, 124.47, 110.07
96164, 1, 127.63, 70, 35, 124.47, 110.2
96415, 1, 127.87, 71, 35, 124.52, 110.4
96666, 1, 128.03, 71, 35, 124.62, 110.55
96917, 1, 128.27, 70, 35, 124.85, 110.82
97168, 1, 128.43, 70, 35, 125.05, 111.0
97419, 1, 128.67, 70, 35, 125.22, 111.22
97670, 1, 128.83, 72, 35, 125.27, 111.32
97921, 2, 129.07, 73, 35, 125.32, 111.5
98172, 2, 130.0, 77, 35, 125.4, 111.62
98423, 2, 130.0, 75, 35, 125.6, 111.8
98674, 2, 130.0, 75, 35, 125.72, 111.93
98925, 2, 130.0, 72, 35, 126.05, 112.1
99176, 2, 130.0, 72, 35, 126.22, 112.22
99427, 2, 130.0, 71, 35, 126.55, 112.43
99678, 2, 130.0, 69, 35, 126.82, 112.55
99929, 2, 130.0, 69, 35, 127.07, 112.72
100180, 2, 130.0, 69, 35, 127.18, 112.87
100431, 2, 130.0, 69, 35, 127.25, 113.1
100682, 2, 130.0, 70, 35, 127.25, 113.25
100933, 2, 130.0, 70, 35, 127.25, 113.47
101184, 2, 130.0, 69, 35, 127.3, 113.62
101435, 2, 130.0, 68, 35, 127.45, 113.82
101686, 2, 130.0, 67, 35, 127.6, 113.97
101937, 2, 130.0, 66, 35, 127.87, 114.22
102188, 2, 130.0, 65, 35, 128.08, 114.32
102439, 2, 130.0, 64, 35, 128.35, 114.5
102690, 2, 130.0, 64, 35, 128.45, 114.62
102941, 2, 130.0, 64, 35, 128.6, 114.82
103192, 2, 130.0, 63, 35, 128.68, 115.0
103443, 2, 130.0, 64, 35, 128.77, 115.25
103694, 2, 130.0, 62, 35, 128.93, 115.4
103945, 2, 130.0, 62, 35, 129.18, 115.6
104196, 2, 130.0, 60, 35, 129.38, 115.72
104447, 2, 130.0, 58, 35, 129.77, 115.93
104698, 2, 130.0, 57, 35, 130.15, 116.1
104949, 2, 130.0, 56, 35, 130.38, 116.22
105217, 2, 130.0, 56, 35, 130.63, 116.45
105468, 2, 130.0, 55, 35, 130.75, 116.6
105719, 2, 130.0, 55, 35, 130.93, 116.93
105970, 2, 130.0, 54, 35, 131.02, 117.12
106221, 2, 130.0, 53, 35, 131.23, 117.37
106472, 2, 130.0, 54, 35, 131.3, 117.52
106723, 2, 130.0, 52, 35, 131.5, 117.72
106974, 2, 130.0, 51, 35, 131.65, 117.87
107225, 2, 130.0, 50, 35, 131.95, 118.15
107476, 2, 130.0, 47, 35, 132.27, 118.32
107727, 2, 130.0, 47, 35, 132.6, 118.57
107978, 2, 130.0, 47, 35, 132.73, 118.72
108229, 2, 130.0, 47, 35, 132.8, 118.9
108480, 2, 130.0, 48, 35, 132.8, 119.02
108731, 2, 130.0, 46, 35, 132.93, 119.25
108982, 2, 130.0, 45, 35, 133.08, 119.4
109233, 2, 130.0, 45, 35, 133.23, 119.68
109484, 2, 130.0, 45, 35, 133.3, 119.87
109735, 2, 130.0, 45, 35, 133.38, 120.1
109986, 2, 130.0, 45, 35, 133.4, 120.25
110237, 2, 130.0, 44, 35, 133.48, 120.43
110488, 2, 130.0, 44, 35, 133.55, 120.52
110739, 2, 130.0, 43, 35, 133.7, 120.7
110990, 2, 130.0, 42, 35, 133.85, 120.82
111241, 2, 130.0, 40, 35, 134.15, 121.07
111492, 2, 130.0, 39, 35, 134.35, 121.22
111743, 2, 130.0, 40, 35, 134.48, 121.47
111994, 2, 130.0, 39, 35, 134.55, 121.65
112245, 2, 130.0, 39, 35, 134.63, 121.85
112496, 2, 130.0, 39, 35, 134.68, 121.97
112747, 2, 130.0, 38, 35, 134.85, 122.15
112998, 2, 130.0, 37, 35, 134.95, 122.27
113249, 2, 130.0, 37, 35, 135.1, 122.47
113500, 2, 130.0, 36, 35, 135.18, 122.65
113751, 2, 130.0, 35, 35, 135.43, 122.9
114002, 2, 130.0, 33, 35, 135.68, 123.05
114253, 2, 130.0, 32, 35, 136.05, 123.27
114523, 2, 130.0, 30, 35, 136.43, 123.5
114774, 2, 130.0, 30, 35, 136.58, 123.62
115025, 2, 130.0, 30, 35, 136.73, 123.8
115276, 2, 130.0, 29, 35, 136.85, 123.93
115527, 2, 130.0, 29, 35, 136.98, 124.07
115778, 2, 130.0, 29, 35, 137.05, 124.2
116029, 2, 130.0, 28, 35, 137.15, 124.43
116280, 2, 130.0, 28, 35, 137.15, 124.55
116531, 2, 130.0, 28, 35, 137.13, 124.77
116782, 2, 130.0, 28, 35, 137.13, 124.87
117033, 2, 130.0, 28, 35, 137.13, 125.02
117284, 2, 130.0, 28, 35, 137.18, 125.12
117535, 2, 130.0, 27, 35, 137.27, 125.3
117786, 2, 130.0, 27, 35, 137.3, 125.43
118037, 2, 130.0, 27, 35, 137.38, 125.6
118288, 2, 130.0, 26, 35, 137.45, 125.75
118539, 2, 130.0, 24, 35, 137.68, 125.87
118790, 2, 130.0, 22, 35, 137.93, 126.0
119041, 2, 130.0, 22, 35, 138.18, 126.22
119292, 2, 130.0, 22, 35, 138.27, 126.37
119543, 2, 130.0, 23, 35, 138.35, 126.68
119794, 2, 130.0, 22, 35, 138.35, 126.87
120045, 2, 130.0, 22, 35, 138.38, 127.07
120296, 2, 130.0, 23, 35, 138.33, 127.18
120547, 2, 130.0, 22, 35, 138.27, 127.32
120798, 2, 130.0, 23, 35, 138.2, 127.4
121049, 2, 130.0, 23, 35, 138.18, 127.55
121300, 2, 130.0, 20, 35, 138.3, 127.68
121551, 2, 130.0, 20, 35, 138.52, 127.82
121802, 2, 130.0, 19, 35, 138.65, 127.9
122053, 2, 130.0, 19, 35, 138.73, 128.05
122323, 2, 130.0, 20, 35, 138.75, 128.15
122574, 2, 130.0, 20, 35, 138.73, 128.23
122825, 2, 130.0, 20, 35, 138.73, 128.35
123076, 2, 130.0, 18, 35, 138.85, 128.4
123327, 2, 130.0, 17, 35, 139.08, 128.52
123578, 2, 130.0, 15, 35, 139.25, 128.65
123829, 2, 130.0, 14, 35, 139.6, 128.8
124080, 2, 130.0, 12, 35, 139.83, 128.9
124331, 2, 130.0, 12, 35, 140.1, 129.0
124582, 2, 130.0, 11, 35, 140.25, 129.02
124833, 2, 130.0, 12, 35, 140.38, 129.13
125084, 2, 130.0, 12, 35, 140.33, 129.2
125335, 2, 130.0, 13, 35, 140.3, 129.35
125586, 2, 130.0, 12, 35, 140.3, 129.45
125837, 2, 130.0, 11, 35, 140.35, 129.55
126088, 2, 130.0, 10, 35, 140.45, 129.63
126339, 2, 130.0, 10, 35, 140.5, 129.75
126590, 2, 130.0, 11, 35, 140.48, 129.83
126841, 2, 130.0, 11, 35, 140.4, 129.98
127092, 2, 130.0, 11, 35, 140.35, 130.08
127343, 2, 130.0, 11, 35, 140.27, 130.18
127594, 2, 130.0, 12, 35, 140.27, 130.23
127845, 2, 130.0, 11, 35, 140.3, 130.27
128096, 3, 130.0, 10, 35, 140.33, 130.33
128347, 3, 130.24, 10, 35, 140.4, 130.4
128598, 3, 130.4, 11, 35, 140.43, 130.5
128849, 3, 130.64, 12, 35, 140.45, 130.63
129100, 3, 130.8, 13, 35, 140.43, 130.68
129351, 3, 131.04, 14, 35, 140.33, 130.75
129602, 3, 131.2, 17, 35, 140.2, 130.75
129853, 3, 131.44, 16, 35, 140.1, 130.77
130104, 3, 131.6, 17, 35, 140.1, 130.83
130355, 3, 131.84, 18, 35, 140.02, 130.93
130606, 3, 132.08, 18, 35, 140.08, 131.0
130857, 3, 132.24, 19, 35, 140.02, 131.02
131108, 3, 132.48, 20, 35, 140.05, 131.1
131359, 3, 132.64, 19, 35, 140.18, 131.13
131626, 3, 132.88, 19, 35, 140.4, 131.2
131877, 3, 133.04, 19, 35, 140.55, 131.27
132128, 3, 133.28, 20, 35, 140.65, 131.35
132379, 3, 133.44, 21, 35, 140.63, 131.4
132630, 3, 133.68, 23, 35, 140.5, 131.55
132881, 3, 133.84, 25, 35, 140.35, 131.63
133132, 3, 134.08, 26, 35, 140.18, 131.7
133383, 3, 134.24, 27, 35, 140.1, 131.75
133634, 3, 134.48, 28, 35, 139.95, 131.8
133885, 3, 134.64, 29, 35, 139.85, 131.85
134136, 3, 134.88, 31, 35, 139.68, 131.93
134387, 3, 135.04, 32, 35, 139.5, 131.98
134638, 3, 135.28, 35, 35, 139.2, 132.05
134889, 3, 135.44, 36, 35, 139.05, 132.08
135140, 3, 135.68, 38, 35, 138.83, 132.15
135391, 3, 135.84, 38, 35, 138.75, 132.2
135642, 3, 136.08, 39, 35, 138.65, 132.23
135893, 3, 136.24, 40, 35, 138.6, 132.25
136144, 3, 136.48, 41, 35, 138.48, 132.25
136395, 3, 136.64, 43, 35, 138.4, 132.25
136646, 3, 136.88, 43, 35, 138.33, 132.25
136897, 3, 137.04, 45, 35, 138.27, 132.25
137148, 3, 137.28, 45, 35, 138.27, 132.33
137399, 3, 137.44, 46, 35, 138.25, 132.4
137650, 3, 137.68, 46, 35, 138.25, 132.55
137901, 3, 137.84, 47, 35, 138.25, 132.65
138152, 3, 138.08, 49, 35, 138.2, 132.73
138403, 3, 138.24, 49, 35, 138.2, 132.77
138654, 3, 138.48, 50, 35, 138.2, 132.83
138905, 3, 138.64, 51, 35, 138.2, 132.88
139156, 3, 138.88, 50, 35, 138.3, 132.95
139407, 3, 139.04, 51, 35, 138.38, 133.0
139658, 3, 139.28, 50, 35, 138.6, 133.1
139909, 3, 139.44, 51, 35, 138.73, 133.15
140160, 3, 139.68, 51, 35, 138.93, 133.23
140411, 3, 139.84, 51, 35, 139.05, 133.25
140662, 3, 140.08, 52, 35, 139.13, 133.25
140932, 3, 140.32, 52, 35, 139.2, 133.3
141183, 3, 140.48, 54, 35, 139.13, 133.35
141434, 3, 140.72, 57, 35, 138.93, 133.43
141685, 3, 140.88, 59, 35, 138.75, 133.5
141936, 3, 141.12, 61, 35, 138.45, 133.58
142187, 3, 141.28, 62, 35, 138.27, 133.58
142438, 3, 141.52, 65, 35, 137.95, 133.63
142689, 3, 141.68, 66, 35, 137.73, 133.65
142940, 3, 141.92, 68, 35, 137.5, 133.68
143191, 3, 142.08, 69, 35, 137.45, 133.73
143442, 3, 142.32, 69, 35, 137.48, 133.8
143693, 3, 142.48, 68, 35, 137.58, 133.85
143944, 3, 142.72, 69, 35, 137.68, 133.93
144195, 3, 142.88, 70, 35, 137.7, 133.98
144446, 3, 143.12, 71, 35, 137.7, 134.02
144697, 3, 143.28, 73, 35, 137.63, 134.02
144948, 3, 143.52, 75, 35, 137.5, 134.1
145199, 3, 143.68, 75, 35, 137.48, 134.15
145450, 3, 143.92, 75, 35, 137.52, 134.27
145701, 3, 144.08, 75, 35, 137.6, 134.38
145952, 3, 144.32, 75, 35, 137.73, 134.48
146203, 3, 144.48, 77, 35, 137.75, 134.58
146454, 3, 144.72, 77, 35, 137.88, 134.65
146705, 3, 144.88, 77, 35, 138.0, 134.73
146956, 3, 145.12, 78, 35, 138.13, 134.83
147207, 3, 145.28, 78, 35, 138.23, 134.88
147458, 3, 145.52, 79, 35, 138.25, 135.0
147709, 3, 145.68, 81, 35, 138.2, 135.08
147960, 3, 145.92, 82, 35, 138.15, 135.2
148211, 3, 146.08, 83, 35, 138.13, 135.3
148462, 3, 146.32, 84, 35, 138.1, 135.4
148713, 3, 146.48, 85, 35, 138.13, 135.48
148964, 3, 146.72, 85, 35, 138.2, 135.6
149215, 3, 146.96, 87, 35, 138.18, 135.73
149466, 3, 147.12, 88, 35, 138.13, 135.83
149717, 3, 147.36, 90, 35, 137.98, 135.98
149968, 3, 147.52, 91, 35, 137.85, 136.08
150235, 3, 147.76, 93, 35, 137.7, 136.18
150486, 3, 147.92, 93, 35, 137.65, 136.23
150737, 3, 148.16, 93, 35, 137.7, 136.3
150988, 3, 148.32, 94, 35, 137.73, 136.38
151239, 3, 148.56, 95, 35, 137.8, 136.55
151490, 3, 148.72, 96, 35, 137.77, 136.7
151741, 3, 148.96, 98, 35, 137.73, 136.88
151992, 3, 149.12, 98, 35, 137.73, 136.95
152243, 3, 149.36, 98, 35, 137.8, 137.08
152494, 3, 149.52, 100, 35, 137.83, 137.15
152745, 3, 149.76, 99, 35, 137.95, 137.33
152996, 3, 149.92, 100, 35, 138.05, 137.48
153247, 3, 150.16, 100, 35, 138.15, 137.65
153498, 3, 150.32, 100, 35, 138.33, 137.77
153749, 3, 150.56, 100, 35, 138.45, 137.93
154000, 3, 150.72, 100, 35, 138.5, 138.02
154251, 3, 150.96, 100, 35, 138.6, 138.2
154502, 3, 151.12, 100, 35, 138.68, 138.3
154753, 3, 151.36, 100, 35, 138.75, 138.48
155004, 3, 151.52, 100, 35, 138.88, 138.6
155255, 3, 151.76, 100, 35, 139.08, 138.77
155506, 3, 151.92, 100, 35, 139.18, 138.93
155757, 3, 152.16, 100, 35, 139.35, 139.1
156008, 3, 152.32, 100, 35, 139.38, 139.23
156259, 3, 152.56, 100, 35, 139.35, 139.43
156510, 3, 152.72, 100, 35, 139.3, 139.52
156761, 3, 152.96, 100, 35, 139.3, 139.73
157012, 3, 153.12, 100, 35, 139.38, 139.85
157263, 3, 153.36, 100, 35, 139.52, 140.05
157514, 3, 153.52, 100, 35, 139.63, 140.2
157765, 3, 153.76, 100, 35, 139.75, 140.45
158016, 3, 153.92, 100, 35, 139.83, 140.63
158267, 3, 154.16, 100, 35, 139.83, 140.88
158518, 3, 154.32, 100, 35, 139.88, 141.02
158769, 3, 154.56, 100, 35, 139.95, 141.27
159020, 3, 154.8, 100, 35, 140.13, 141.52
159271, 3, 154.96, 100, 35, 140.27, 141.68
159539, 3, 155.2, 100, 35, 140.35, 141.93
159790, 3, 155.36, 100, 35, 140.43, 142.05
160041, 3, 155.6, 100, 35, 140.52, 142.23
160292, 3, 155.76, 100, 35, 140.6, 142.35
160543, 3, 156.0, 100, 35, 140.93, 142.58
160794, 3, 156.16, 100, 35, 141.13, 142.73
161045, 3, 156.4, 100, 35, 141.43, 142.98
161296, 3, 156.56, 100, 35, 141.65, 143.13
161547, 3, 156.8, 100, 35, 141.93, 143.33
161798, 3, 156.96, 100, 35, 142.08, 143.48
162049, 3, 157.2, 100, 35, 142.3, 143.73
162300, 3, 157.36, 100, 35, 142.4, 143.93
162551, 3, 157.6, 100, 35, 142.43, 144.2
162802, 3, 157.76, 100, 35, 142.5, 144.43
163053, 3, 158.0, 100, 35, 142.6, 144.73
163304, 3, 158.16, 100, 35, 142.73, 144.9
163555, 3, 158.4, 100, 35, 143.05, 145.2
163806, 3, 158.56, 100, 35, 143.23, 145.35
164057, 3, 158.8, 100, 35, 143.45, 145.6
164308, 3, 158.96, 100, 35, 143.65, 145.75
164559, 3, 159.2, 100, 35, 143.88, 145.98
164810, 3, 159.36, 100, 35, 144.05, 146.15
165061, 3, 159.6, 100, 35, 144.33, 146.4
165312, 3, 159.76, 100, 35, 144.45, 146.58
165563, 3, 160.0, 100, 35, 144.75, 146.85
165814, 3, 160.16, 100, 35, 144.95, 147.02
166065, 3, 160.4, 100, 35, 145.2, 147.3
166316, 3, 160.56, 100, 35, 145.4, 147.5
166567, 3, 160.8, 100, 35, 145.65, 147.8
166818, 3, 160.96, 100, 35, 145.8, 148.02
167069, 3, 161.2, 100, 35, 146.2, 148.33
167320, 3, 161.36, 100, 35, 146.45, 148.5
167571, 3, 161.6, 100, 35, 146.83, 148.75
167822, 3, 161.76, 100, 35, 147.05, 148.9
168073, 3, 162.0, 100, 35, 147.23, 149.1
168324, 3, 162.24, 100, 35, 147.38, 149.4
168575, 3, 162.4, 100, 35, 147.48, 149.6
168843, 3, 162.64, 100, 35, 147.65, 149.93
169094, 3, 162.8, 100, 35, 147.9, 150.15
169345, 3, 163.04, 100, 35, 148.4, 150.45
169596, 3, 163.2, 100, 35, 148.77, 150.68
169847, 3, 163.44, 100, 35, 149.43, 150.93
170098, 3, 163.6, 100, 35, 149.83, 151.13
170349, 3, 163.84, 100, 35, 150.3, 151.38
170600, 3, 164.0, 100, 35, 150.6, 151.55
170851, 3, 164.24, 100, 35, 151.05, 151.85
171102, 3, 164.4, 100, 35, 151.27, 152.05
171353, 3, 164.64, 100, 35, 151.68, 152.35
171604, 3, 164.8, 100, 35, 151.9, 152.55
171855, 3, 165.04, 100, 35, 152.1, 152.88
172106, 3, 165.2, 100, 35, 152.2, 153.08
172357, 3, 165.44, 100, 35, 152.25, 153.38
172608, 3, 165.6, 100, 35, 152.27, 153.55
172859, 3, 165.84, 100, 35, 152.38, 153.83
173110, 3, 166.0, 100, 35, 152.43, 154.0
173361, 3, 166.24, 100, 35, 152.48, 154.27
173612, 3, 166.4, 100, 35, 152.5, 154.45
173863, 3, 166.64, 100, 35, 152.52, 154.7
174114, 3, 166.8, 100, 35, 152.6, 154.88
174365, 3, 167.04, 100, 35, 152.85, 155.15
174616, 3, 167.2, 100, 35, 153.18, 155.35
174867, 3, 167.44, 100, 35, 153.9, 155.63
175118, 3, 167.6, 100, 35, 154.35, 155.83
175369, 3, 167.84, 100, 35, 154.88, 156.1
175620, 3, 168.0, 100, 35, 155.05, 156.25
175871, 3, 168.24, 100, 35, 155.1, 156.6
176122, 3, 168.4, 100, 35, 155.15, 156.83
176373, 3, 168.64, 100, 35, 155.43, 157.2
176624, 3, 168.8, 100, 35, 155.68, 157.48
176875, 3, 169.04, 100, 35, 155.83, 157.77
177126, 3, 169.2, 100, 35, 155.9, 157.98
177377, 3, 169.44, 100, 35, 155.95, 158.25
177628, 3, 169.68, 100, 35, 156.08, 158.52
177879, 3, 169.84, 100, 35, 156.25, 158.73
178147, 3, 170.08, 100, 35, 156.58, 159.0
178398, 3, 170.24, 100, 35, 156.73, 159.18
178649, 3, 170.48, 100, 35, 156.95, 159.5
178900, 3, 170.64, 100, 35, 157.2, 159.73
179151, 3, 170.88, 100, 35, 157.52, 160.08
179402, 3, 171.04, 100, 35, 157.8, 160.33
179653, 3, 171.28, 100, 35, 158.3, 160.7
179904, 3, 171.44, 100, 35, 158.65, 160.93
180155, 3, 171.68, 100, 35, 159.27, 161.27
180406, 3, 171.84, 100, 35, 159.73, 161.52
180657, 3, 172.08, 100, 35, 160.38, 161.85
180908, 3, 172.24, 100, 35, 160.7, 162.08
181159, 3, 172.48, 100, 35, 161.05, 162.43
181410, 3, 172.64, 100, 35, 161.18, 162.65
181661, 3, 172.88, 100, 35, 161.38, 163.0
181912, 3, 173.04, 100, 35, 161.58, 163.23
182163, 3, 173.28, 100, 35, 161.9, 163.58
182414, 3, 173.44, 100, 35, 162.18, 163.83
182665, 3, 173.68, 100, 35, 162.48, 164.18
182916, 3, 173.84, 100, 35, 162.63, 164.4
183167, 3, 174.08, 100, 35, 162.93, 164.73
183418, 3, 174.24, 100, 35, 163.13, 164.93
183669, 3, 174.48, 100, 35, 163.43, 165.23
183920, 3, 174.64, 100, 35, 163.7, 165.45
184171, 3, 174.88, 100, 35, 164.02, 165.8
184422, 3, 175.04, 100, 35, 164.33, 166.05
184673, 3, 175.28, 100, 35, 164.83, 166.45
184924, 3, 175.44, 100, 35, 165.13, 166.73
185175, 3, 175.68, 100, 35, 165.77, 167.1
185426, 3, 175.84, 100, 35, 166.18, 167.33
185677, 3, 176.08, 100, 35, 166.8, 167.68
185928, 3, 176.24, 100, 35, 167.15, 167.93
186179, 3, 176.48, 100, 35, 167.55, 168.33
186430, 3, 176.64, 100, 35, 167.73, 168.6
186681, 3, 176.88, 100, 35, 168.0, 168.98
186932, 3, 177.04, 100, 35, 168.27, 169.2
187183, 3, 177.28, 100, 35, 168.68, 169.58
187453, 3, 177.52, 100, 35, 169.25, 169.93
187704, 3, 177.68, 100, 35, 169.6, 170.2
187955, 3, 177.92, 100, 35, 170.15, 170.6
188206, 3, 178.08, 100, 35, 170.48, 170.83
188457, 3, 178.32, 100, 35, 170.88, 171.2
188708, 3, 178.48, 100, 35, 171.18, 171.45
188959, 3, 178.72, 100, 35, 171.58, 171.8
189210, 3, 178.88, 100, 35, 171.83, 172.08
189461, 3, 179.12, 100, 35, 172.23, 172.45
189712, 3, 179.28, 100, 35, 172.5, 172.7
189963, 3, 179.52, 99, 35, 173.18, 173.1
190214, 3, 179.68, 96, 35, 173.73, 173.35
190465, 3, 179.92, 95, 35, 174.5, 173.75
190716, 3, 180.08, 91, 35, 175.1, 173.98
190967, 3, 180.32, 92, 35, 175.75, 174.3
191218, 3, 180.48, 92, 35, 176.08, 174.52
191469, 3, 180.72, 90, 35, 176.58, 174.9
191720, 3, 180.88, 91, 35, 176.85, 175.15
191971, 3, 181.12, 91, 35, 177.25, 175.58
192222, 3, 181.28, 89, 35, 177.6, 175.85
192473, 3, 181.52, 88, 35, 178.18, 176.2
192724, 3, 181.68, 87, 35, 178.52, 176.43
192975, 3, 181.92, 88, 35, 178.88, 176.73
193226, 3, 182.08, 89, 35, 179.0, 176.93
193477, 3, 182.32, 89, 35, 179.25, 177.23
193728, 3, 182.48, 88, 35, 179.43, 177.45
193979, 3, 182.72, 87, 35, 179.85, 177.83
194230, 3, 182.88, 86, 35, 180.15, 178.08
194481, 3, 183.12, 86, 35, 180.45, 178.45
194732, 3, 183.28, 86, 35, 180.68, 178.68
194983, 3, 183.52, 86, 35, 181.05, 179.0
195253, 3, 183.76, 85, 35, 181.45, 179.3
195504, 3, 183.92, 85, 35, 181.7, 179.52
195755, 3, 184.16, 85, 35, 182.05, 179.88
196006, 3, 184.32, 85, 35, 182.2, 180.08
196257, 3, 184.56, 85, 35, 182.4, 180.45
196508, 3, 184.72, 87, 35, 182.43, 180.68
196759, 3, 184.96, 88, 35, 182.5, 181.02
197010, 3, 185.12, 87, 35, 182.68, 181.25
197261, 3, 185.36, 86, 35, 183.05, 181.6
197512, 3, 185.52, 84, 35, 183.45, 181.85
197763, 3, 185.76, 81, 35, 184.15, 182.23
198014, 3, 185.92, 79, 35, 184.63, 182.52
198265, 3, 186.16, 77, 35, 185.35, 182.85
198516, 3, 186.32, 77, 35, 185.75, 183.1
198767, 3, 186.56, 77, 35, 186.18, 183.45
199018, 3, 186.72, 78, 35, 186.38, 183.63
199269, 3, 186.96, 77, 35, 186.75, 183.98
199520, 3, 187.12, 74, 35, 187.15, 184.2
199771, 3, 187.36, 73, 35, 187.77, 184.55
200022, 3, 187.52, 73, 35, 188.1, 184.83
200273, 3, 187.76, 74, 35, 188.45, 185.2
200524, 3, 187.92, 75, 35, 188.55, 185.45
200775, 3, 188.16, 76, 35, 188.6, 185.8
201026, 3, 188.32, 75, 35, 188.73, 186.0
201277, 3, 188.56, 75, 35, 188.98, 186.33
201528, 3, 188.72, 73, 35, 189.25, 186.5
201779, 3, 188.96, 73, 35, 189.6, 186.77
202030, 3, 189.12, 75, 35, 189.73, 186.98
202281, 3, 189.36, 75, 35, 189.88, 187.27
202532, 3, 189.52, 78, 35, 189.85, 187.5
202783, 3, 189.76, 78, 35, 189.9, 187.83
203034, 3, 189.92, 75, 35, 190.13, 188.02
203285, 3, 190.16, 75, 35, 190.48, 188.33
203536, 3, 190.4, 73, 35, 190.98, 188.65
203787, 3, 190.56, 71, 35, 191.43, 188.85
204038, 3, 190.8, 70, 35, 192.05, 189.15
204289, 3, 190.96, 68, 35, 192.5, 189.33
204556, 3, 191.2, 67, 35, 193.13, 189.6
204807, 3, 191.36, 67, 35, 193.48, 189.8
205058, 3, 191.6, 66, 35, 193.9, 190.13
205309, 3, 191.76, 68, 35, 194.05, 190.35
205560, 3, 192.0, 68, 35, 194.23, 190.63
205811, 3, 192.16, 68, 35, 194.3, 190.8
206062, 3, 192.4, 69, 35, 194.45, 191.1
206313, 3, 192.56, 68, 35, 194.65, 191.3
206564, 3, 192.8, 67, 35, 194.98, 191.63
206815, 3, 192.96, 69, 35, 195.1, 191.83
207066, 3, 193.2, 69, 35, 195.25, 192.13
207317, 3, 193.36, 70, 35, 195.27, 192.3
207568, 3, 193.6, 71, 35, 195.3, 192.55
207819, 3, 193.76, 71, 35, 195.38, 192.75
208070, 3, 194.0, 71, 35, 195.48, 193.0
208321, 3, 194.16, 69, 35, 195.68, 193.2
208572, 3, 194.4, 69, 35, 196.05, 193.5
208823, 3, 194.56, 66, 35, 196.43, 193.7
209074, 3, 194.8, 65, 35, 197.02, 194.02
209325, 3, 194.96, 66, 35, 197.33, 194.23
209576, 3, 195.2, 67, 35, 197.6, 194.52
209827, 3, 195.36, 67, 35, 197.75, 194.7
210078, 3, 195.6, 67, 35, 197.98, 194.95
210329, 3, 195.76, 67, 35, 198.08, 195.1
210580, 3, 196.0, 66, 35, 198.35, 195.3
210831, 3, 196.16, 67, 35, 198.52, 195.43
211082, 3, 196.4, 66, 35, 198.8, 195.6
211333, 3, 196.56, 65, 35, 199.08, 195.73
211584, 3, 196.8, 64, 35, 199.52, 195.93
211835, 3, 196.96, 61, 35, 199.95, 196.08
212086, 3, 197.2, 60, 35, 200.63, 196.27
212337, 3, 197.36, 58, 35, 201.1, 196.43
212588, 3, 197.6, 57, 35, 201.77, 196.63
212839, 3, 197.76, 56, 35, 202.13, 196.77
213090, 3, 198.0, 56, 35, 202.58, 197.02
213341, 3, 198.16, 56, 35, 202.83, 197.18
213592, 3, 198.4, 58, 35, 202.93, 197.4
213862, 3, 198.64, 62, 35, 202.68, 197.55
214113, 3, 198.8, 64, 35, 202.48, 197.63
214364, 3, 199.04, 66, 35, 202.18, 197.75
214615, 3, 199.2, 65, 35, 202.15, 197.85
214866, 3, 199.44, 65, 35, 202.27, 198.02
215117, 3, 199.6, 64, 35, 202.45, 198.18
215368, 3, 199.84, 63, 35, 202.77, 198.35
215619, 3, 200.0, 63, 35, 203.0, 198.45
215870, 3, 200.24, 63, 35, 203.23, 198.65
216121, 3, 200.4, 65, 35, 203.27, 198.75
216372, 3, 200.64, 65, 35, 203.35, 198.98
216623, 3, 200.8, 66, 35, 203.4, 199.15
216874, 3, 201.04, 66, 35, 203.5, 199.33
217125, 3, 201.2, 69, 35, 203.45, 199.5
217376, 3, 201.44, 70, 35, 203.25, 199.73
217627, 3, 201.6, 73, 35, 203.05, 199.83
217878, 3, 201.84, 75, 35, 202.68, 200.02
218129, 3, 202.0, 75, 35, 202.6, 200.08
218380, 3, 202.24, 76, 35, 202.5, 200.15
218631, 3, 202.4, 76, 35, 202.45, 200.25
218882, 3, 202.64, 76, 35, 202.5, 200.35
219133, 3, 202.8, 77, 35, 202.55, 200.48
219384, 3, 203.04, 77, 35, 202.7, 200.68
219635, 3, 203.2, 78, 35, 202.73, 200.77
219886, 3, 203.44, 80, 35, 202.68, 201.0
220137, 3, 203.6, 81, 35, 202.6, 201.15
220388, 3, 203.84, 83, 35, 202.4, 201.35
220639, 3, 204.0, 84, 35, 202.33, 201.5
220890, 3, 204.24, 84, 35, 202.3, 201.73
221141, 3, 204.4, 86, 35, 202.23, 201.88
221392, 3, 204.64, 86, 35, 202.25, 202.1
221643, 3, 204.8, 86, 35, 202.3, 202.27
221894, 3, 205.04, 87, 35, 202.4, 202.52
222145, 3, 205.28, 86, 35, 202.63, 202.75
222396, 3, 205.44, 86, 35, 202.8, 202.93
222647, 3, 205.68, 85, 35, 203.08, 203.13
222898, 3, 205.84, 85, 35, 203.27, 203.27
223165, 3, 206.08, 86, 35, 203.48, 203.5
223416, 3, 206.24, 88, 35, 203.5, 203.6
223667, 3, 206.48, 88, 35, 203.55, 203.75
223918, 3, 206.64, 89, 35, 203.6, 203.83
224169, 3, 206.88, 90, 35, 203.63, 203.93
224420, 3, 207.04, 92, 35, 203.58, 204.02
224671, 3, 207.28, 93, 35, 203.4, 204.2
224922, 3, 207.44, 95, 35, 203.27, 204.3
225173, 3, 207.68, 95, 35, 203.2, 204.52
225424, 3, 207.84, 95, 35, 203.25, 204.65
225675, 3, 208.08, 95, 35, 203.43, 204.9
225926, 3, 208.24, 95, 35, 203.6, 205.08
226177, 3, 208.48, 95, 35, 203.73, 205.3
226428, 3, 208.64, 97, 35, 203.75, 205.48
226679, 3, 208.88, 98, 35, 203.68, 205.68
226930, 3, 209.04, 100, 35, 203.58, 205.8
227181, 3, 209.28, 100, 35, 203.52, 205.98
227432, 3, 209.44, 100, 35, 203.55, 206.1
227683, 3, 209.68, 100, 35, 203.68, 206.27
227934, 3, 209.84, 100, 35, 203.83, 206.4
228185, 3, 210.08, 100, 35, 204.13, 206.65
228436, 3, 210.24, 98, 35, 204.45, 206.83
228687, 3, 210.48, 96, 35, 205.02, 207.05
228938, 3, 210.64, 98, 35, 205.27, 207.23
229189, 3, 210.88, 99, 35, 205.43, 207.45
229440, 3, 211.04, 100, 35, 205.4, 207.55
229691, 3, 211.28, 100, 35, 205.35, 207.73
229942, 3, 211.44, 100, 35, 205.45, 207.85
230193, 3, 211.68, 100, 35, 205.73, 208.02
230444, 3, 211.84, 100, 35, 205.77, 208.2
230695, 3, 212.08, 100, 35, 205.63, 208.48
230946, 3, 212.24, 100, 35, 205.45, 208.63
231197, 3, 212.48, 100, 35, 205.0, 208.83
231448, 3, 212.72, 100, 35, 204.7, 208.95
231699, 3, 212.88, 100, 35, 204.63, 209.08
231950, 3, 213.12, 100, 35, 204.58, 209.3
232201, 3, 213.28, 100, 35, 204.7, 209.45
232469, 3, 213.52, 100, 35, 204.95, 209.75
232720, 3, 213.68, 100, 35, 205.23, 209.95
232971, 3, 213.92, 100, 35, 205.65, 210.2
233222, 3, 214.08, 100, 35, 205.95, 210.4
233473, 3, 214.32, 100, 35, 206.4, 210.63
233724, 3, 214.48, 100, 35, 206.68, 210.8
233975, 3, 214.72, 100, 35, 207.23, 211.05
234226, 3, 214.88, 100, 35, 207.65, 211.2
234477, 3, 215.12, 100, 35, 208.3, 211.43
234728, 3, 215.28, 100, 35, 208.63, 211.55
234979, 3, 215.52, 100, 35, 208.98, 211.77
235230, 3, 215.68, 100, 35, 209.15, 211.93
235481, 3, 215.92, 100, 35, 209.38, 212.23
235732, 3, 216.08, 100, 35, 209.52, 212.4
235983, 3, 216.32, 100, 35, 209.68, 212.68
236234, 3, 216.48, 100, 35, 209.68, 212.88
236485, 3, 216.72, 100, 35, 209.65, 213.18
236736, 3, 216.88, 100, 35, 209.7, 213.38
236987, 3, 217.12, 100, 35, 209.85, 213.63
237238, 3, 217.28, 100, 35, 210.05, 213.83
237489, 3, 217.52, 100, 35, 210.35, 214.08
237740, 3, 217.68, 100, 35, 210.6, 214.25
237991, 3, 217.92, 100, 35, 211.1, 214.55
238242, 3, 218.08, 100, 35, 211.5, 214.7
238493, 3, 218.32, 100, 35, 212.2, 214.95
238744, 3, 218.48, 100, 35, 212.68, 215.08
238995, 3, 218.72, 100, 35, 213.3, 215.27
239246, 3, 218.88, 100, 35, 213.6, 215.45
239497, 4, 220.0, 100, 35, 213.75, 215.68
239748, 4, 220.0, 100, 35, 213.65, 215.88
239999, 4, 220.0, 100, 35, 213.5, 216.2
240250, 4, 220.0, 100, 35, 213.45, 216.38
240501, 4, 220.0, 100, 35, 213.48, 216.6
240752, 4, 220.0, 100, 35, 213.6, 216.75
241003, 4, 220.0, 100, 35, 213.75, 216.95
241254, 4, 220.0, 100, 35, 213.9, 217.2
241505, 4, 220.0, 100, 35, 214.13, 217.38
241773, 4, 220.0, 100, 35, 214.5, 217.65
242024, 4, 220.0, 99, 35, 214.88, 217.8
242275, 4, 220.0, 97, 35, 215.58, 218.02
242526, 4, 220.0, 94, 35, 216.08, 218.18
242777, 4, 220.0, 91, 35, 216.8, 218.48
243028, 4, 220.0, 92, 35, 217.08, 218.68
243279, 4, 220.0, 93, 35, 217.25, 219.05
243530, 4, 220.0, 92, 35, 217.35, 219.25
243781, 4, 220.0, 94, 35, 217.4, 219.52
244032, 4, 220.0, 91, 35, 217.58, 219.73
244283, 4, 220.0, 90, 35, 217.9, 219.98
244534, 4, 220.0, 89, 35, 218.1, 220.18
244785, 4, 220.0, 89, 35, 218.25, 220.45
245036, 4, 220.0, 92, 35, 218.15, 220.63
245287, 4, 220.0, 93, 35, 217.93, 220.9
245538, 4, 220.0, 94, 35, 217.77, 221.1
245789, 4, 220.0, 94, 35, 217.65, 221.33
246040, 4, 220.0, 93, 35, 217.63, 221.5
246291, 4, 220.0, 93, 35, 217.63, 221.73
246542, 4, 220.0, 93, 35, 217.63, 221.88
246793, 4, 220.0, 93, 35, 217.6, 222.15
247044, 4, 220.0, 92, 35, 217.65, 222.33
247295, 4, 220.0, 91, 35, 217.8, 222.65
247546, 4, 220.0, 91, 35, 217.9, 222.85
247797, 4, 220.0, 90, 35, 218.1, 223.13
248048, 4, 220.0, 88, 35, 218.3, 223.27
248299, 4, 220.0, 88, 35, 218.6, 223.43
248550, 4, 220.0, 86, 35, 218.85, 223.52
248801, 4, 220.0, 84, 35, 219.27, 223.75
249052, 4, 220.0, 82, 35, 219.58, 223.9
249303, 4, 220.0, 80, 35, 220.1, 224.1
249554, 5, 220.0, 0, 77, 220.5, 224.2
249805, 5, 204.1, 0, 100, 221.23, 224.38
250056, 5, 203.5, 0, 100, 221.68, 224.5
250307, 5, 202.6, 0, 100, 222.27, 224.77
250558, 5, 201.7, 0, 100, 222.6, 225.1
250809, 5, 201.1, 0, 100, 222.6, 225.2
251077, 5, 200.2, 0, 96, 222.25, 225.3
251328, 5, 199.6, 0, 84, 221.83, 225.3
251579, 5, 198.7, 0, 72, 220.8, 225.13
251830, 5, 198.1, 0, 62, 219.9, 224.95
252081, 5, 197.2, 0, 51, 218.33, 224.65
252332, 5, 196.6, 0, 38, 217.08, 224.4
252583, 5, 195.7, 0, 38, 215.08, 224.13
252834, 5, 195.1, 0, 42, 213.85, 223.95
253085, 5, 194.2, 0, 49, 212.1, 223.68
253336, 5, 193.6, 0, 56, 211.08, 223.4
253587, 5, 192.7, 0, 53, 209.55, 223.0
253838, 5, 192.1, 0, 52, 208.5, 222.75
254089, 5, 191.2, 0, 52, 207.05, 222.3
254340, 5, 190.6, 0, 49, 206.0, 222.08
254591, 5, 189.7, 0, 54, 204.58, 221.68
254842, 5, 189.1, 0, 51, 203.63, 221.4
255093, 5, 188.2, 0, 53, 202.15, 220.93
255344, 5, 187.6, 0, 60, 201.33, 220.63
255595, 5, 186.7, 0, 63, 200.2, 220.23
255846, 5, 186.1, 0, 65, 199.45, 219.98
256097, 5, 185.2, 0, 65, 198.5, 219.68
256348, 5, 184.6, 0, 65, 197.8, 219.45
256599, 5, 183.7, 0, 65, 196.7, 219.1
256850, 5, 183.1, 0, 68, 196.05, 218.83
257101, 5, 182.2, 0, 68, 194.93, 218.38
257352, 5, 181.6, 0, 55, 194.1, 218.1
257603, 5, 180.7, 0, 57, 192.8, 217.6
257854, 5, 180.1, 0, 55, 191.9, 217.23
258105, 5, 179.2, 0, 57, 190.7, 216.65
258356, 5, 178.6, 0, 67, 189.98, 216.27
258607, 5, 177.7, 0, 64, 189.0, 215.65
258858, 5, 177.1, 0, 67, 188.38, 215.3
259109, 5, 176.2, 0, 62, 187.33, 214.83
259360, 5, 175.6, 0, 67, 186.68, 214.45
259611, 5, 174.7, 0, 67, 185.7, 214.0
259862, 5, 174.1, 0, 69, 185.08, 213.68
260113, 5, 173.2, 0, 72, 184.18, 213.15
260383, 5, 172.3, 0, 75, 183.38, 212.52
260634, 5, 171.7, 0, 75, 182.88, 212.15
260885, 5, 170.8, 0, 75, 182.13, 211.6
261136, 5, 170.2, 0, 78, 181.63, 211.3
261387, 5, 169.3, 0, 73, 180.85, 210.9
261638, 5, 168.7, 0, 76, 180.35, 210.6
261889, 5, 167.8, 0, 73, 179.55, 210.13
262140, 5, 167.2, 0, 74, 179.05, 209.75
262391, 5, 166.3, 0, 74, 178.18, 209.23
262642, 5, 165.7, 0, 69, 177.52, 208.85
262893, 5, 164.8, 0, 76, 176.73, 208.23
263144, 5, 164.2, 0, 71, 176.1, 207.85
263395, 5, 163.3, 0, 74, 175.35, 207.3
263646, 5, 162.7, 0, 79, 174.9, 206.93
263897, 5, 161.8, 0, 77, 174.15, 206.45
264148, 5, 161.2, 0, 85, 173.8, 206.1
264399, 5, 160.3, 0, 85, 173.25, 205.5
264650, 5, 159.7, 0, 88, 172.93, 205.15
264901, 5, 158.8, 0, 84, 172.35, 204.58
265152, 5, 158.2, 0, 79, 171.85, 204.18
265403, 5, 157.3, 0, 77, 171.0, 203.65
265654, 5, 156.7, 0, 77, 170.48, 203.25
265905, 5, 155.8, 0, 82, 169.77, 202.68
266156, 5, 155.2, 0, 80, 169.3, 202.3
266407, 5, 154.3, 0, 80, 168.52, 201.75
266658, 5, 153.7, 0, 73, 167.88, 201.35
266909, 5, 152.8, 0, 70, 166.88, 200.88
267160, 5, 152.2, 0, 78, 166.3, 200.58
267411, 5, 151.3, 0, 83, 165.68, 200.08
267662, 5, 150.7, 0, 91, 165.38, 199.75
267913, 5, 149.8, 0, 91, 164.9, 199.23
268183, 5, 148.9, 0, 89, 164.38, 198.77
268434, 5, 148.3, 0, 82, 163.9, 198.5
268685, 5, 147.4, 0, 80, 163.1, 198.13
268936, 5, 146.8, 0, 83, 162.6, 197.83
269187, 5, 145.9, 0, 85, 161.88, 197.3
269438, 5, 145.3, 0, 91, 161.5, 196.93
269689, 5, 144.4, 0, 94, 161.02, 196.38
269940, 5, 143.8, 0, 92, 160.68, 196.02
270191, 5, 142.9, 0, 95, 160.23, 195.52
270442, 5, 142.3, 0, 88, 159.8, 195.18
270693, 5, 141.4, 0, 88, 159.13, 194.63
270944, 5, 140.8, 0, 88, 158.65, 194.23
271195, 5, 139.9, 0, 83, 157.88, 193.65
271446, 5, 139.3, 0, 94, 157.5, 193.33
271697, 5, 138.4, 0, 94, 156.98, 192.85
271948, 5, 137.8, 0, 97, 156.7, 192.55
272199, 5, 136.9, 0, 100, 156.3, 192.02
272450, 5, 136.3, 0, 93, 155.93, 191.6
272701, 5, 135.4, 0, 91, 155.3, 190.98
272952, 5, 134.8, 0, 89, 154.83, 190.58
273203, 5, 133.9, 0, 87, 154.0, 190.0
273454, 5, 133.3, 0, 90, 153.5, 189.65
273705, 5, 132.4, 0, 92, 152.8, 189.08
273956, 5, 131.8, 0, 98, 152.43, 188.73
274207, 5, 130.9, 0, 100, 152.02, 188.1
274458, 5, 130.3, 0, 99, 151.68, 187.7
274709, 5, 129.4, 0, 99, 151.13, 187.1
274960, 5, 128.8, 0, 97, 150.7, 186.63
275211, 5, 127.9, 0, 90, 149.95, 186.08
275462, 5, 127.3, 0, 95, 149.5, 185.73
275713, 5, 126.4, 0, 100, 148.95, 185.23
275964, 5, 125.8, 0, 100, 148.63, 184.93
276215, 5, 124.9, 0, 100, 148.2, 184.43
276466, 5, 124.0, 0, 100, 147.88, 183.95
276717, 5, 123.4, 0, 100, 147.63, 183.65
276968, 5, 122.5, 0, 100, 147.23, 183.18
277219, 5, 121.9, 0, 100, 146.93, 182.85
277486, 5, 121.0, 0, 100, 146.4, 182.3
277737, 5, 120.4, 0, 100, 146.05, 181.93
277988, 5, 119.5, 0, 100, 145.58, 181.43
278239, 5, 118.9, 0, 100, 145.27, 181.15
278490, 5, 118.0, 0, 100, 144.88, 180.75
278741, 5, 117.4, 0, 100, 144.6, 180.52
278992, 5, 116.5, 0, 100, 144.2, 180.15
279243, 5, 115.9, 0, 100, 143.95, 179.85
279494, 5, 115.0, 0, 100, 143.63, 179.45
279745, 5, 114.4, 0, 100, 143.45, 179.2
279996, 5, 113.5, 0, 100, 143.18, 178.85
280247, 5, 112.9, 0, 100, 142.98, 178.63
280498, 5, 112.0, 0, 100, 142.65, 178.23
280749, 5, 111.4, 0, 100, 142.4, 177.98
281000, 5, 110.5, 0, 100, 142.0, 177.6
281251, 5, 109.9, 0, 100, 141.8, 177.38
281502, 5, 109.0, 0, 100, 141.48, 177.08
281753, 5, 108.4, 0, 100, 141.27, 176.8
282004, 5, 107.5, 0, 100, 141.0, 176.48
282255, 5, 106.9, 0, 100, 140.75, 176.2
282506, 5, 106.0, 0, 100, 140.43, 175.8
282757, 5, 105.4, 0, 100, 140.23, 175.58
283008, 5, 104.5, 0, 100, 139.9, 175.1
283259, 5, 103.9, 0, 100, 139.7, 174.83
283510, 5, 103.0, 0, 100, 139.38, 174.48
283761, 5, 102.4, 0, 100, 139.15, 174.23
284012, 5, 101.5, 0, 100, 138.85, 173.83
284263, 5, 100.9, 0, 100, 138.65, 173.52
284514, 5, 100.0, 0, 100, 138.35, 173.0
284765, 5, 99.4, 0, 100, 138.13, 172.63
285016, 5, 98.5, 0, 100, 137.75, 172.1
285267, 5, 97.9, 0, 100, 137.5, 171.77
285518, 5, 97.0, 0, 100, 137.1, 171.25
285769, 5, 96.4, 0, 100, 136.88, 170.98
286020, 5, 95.5, 0, 100, 136.52, 170.6
286271, 5, 94.9, 0, 100, 136.27, 170.4
286522, 5, 94.0, 0, 100, 135.95, 170.08
286792, 5, 93.1, 0, 100, 135.63, 169.73
287043, 5, 92.5, 0, 100, 135.48, 169.5
287294, 5, 91.6, 0, 100, 135.3, 169.13
287545, 5, 91.0, 0, 100, 135.2, 168.9
287796, 5, 90.1, 0, 100, 135.05, 168.55
288047, 5, 89.5, 0, 100, 134.9, 168.27
288298, 5, 88.6, 0, 100, 134.6, 167.93
288549, 5, 88.0, 0, 100, 134.4, 167.7
288800, 5, 87.1, 0, 100, 134.08, 167.38
289051, 5, 86.5, 0, 100, 133.88, 167.1
289302, 5, 85.6, 0, 100, 133.68, 166.6
289553, 5, 85.0, 0, 100, 133.52, 166.3
289804, 5, 84.1, 0, 100, 133.33, 165.85
290055, 5, 83.5, 0, 100, 133.18, 165.68
290306, 5, 82.6, 0, 100, 132.93, 165.43
290557, 5, 82.0, 0, 100, 132.75, 165.27
290808, 5, 81.1, 0, 100, 132.43, 165.05
291059, 5, 80.5, 0, 100, 132.23, 164.85
291310, 5, 79.6, 0, 100, 131.88, 164.63
291561, 5, 79.0, 0, 100, 131.68, 164.43
291812, 5, 78.1, 0, 100, 131.43, 164.08
292063, 5, 77.5, 0, 100, 131.25, 163.83
292314, 5, 76.6, 0, 100, 131.0, 163.45
292565, 5, 76.0, 0, 100, 130.83, 163.18
292816, 5, 75.1, 0, 100, 130.55, 162.85
293067, 5, 74.5, 0, 100, 130.35, 162.65
293318, 5, 73.6, 0, 100, 130.02, 162.33
293569, 5, 73.0, 0, 100, 129.83, 162.15
293820, 5, 72.1, 0, 100, 129.6, 161.83
294071, 5, 71.5, 0, 100, 129.48, 161.6
294322, 5, 70.6, 0, 100, 129.3, 161.25
294573, 5, 70.0, 0, 100, 129.2, 161.0
294824, 5, 69.1, 0, 100, 128.98, 160.63
295075, 5, 68.2, 0, 100, 128.8, 160.3
295326, 5, 67.6, 0, 100, 128.68, 160.08
295577, 5, 66.7, 0, 100, 128.43, 159.8
295828, 5, 66.1, 0, 100, 128.25, 159.63
296095, 5, 65.2, 0, 100, 127.95, 159.35
296346, 5, 64.6, 0, 100, 127.77, 159.18
296597, 5, 63.7, 0, 100, 127.55, 158.85
296848, 5, 63.1, 0, 100, 127.43, 158.65
297099, 5, 62.2, 0, 100, 127.3, 158.33
297350, 5, 61.6, 0, 100, 127.2, 158.1
297601, 5, 60.7, 0, 100, 127.07, 157.73
297852, 5, 60.1, 0, 100, 126.97, 157.48
298103, 5, 59.2, 0, 100, 126.77, 157.1
298354, 5, 58.6, 0, 100, 126.62, 156.88
298605, 5, 57.7, 0, 100, 126.43, 156.58
298856, 5, 57.1, 0, 100, 126.27, 156.35
299107, 5, 56.2, 0, 100, 126.07, 156.05
299358, 5, 55.6, 0, 100, 125.93, 155.83
299609, 5, 54.7, 0, 100, 125.65, 155.55
299860, 5, 54.1, 0, 100, 125.5, 155.43
300111, 5, 53.2, 0, 100, 125.25, 155.2
300362, 5, 52.6, 0, 100, 125.1, 155.05
300613, 5, 51.7, 0, 100, 124.85, 154.77
300864, 5, 51.1, 0, 100, 124.68, 154.52
301115, 5, 50.2, 0, 100, 124.43, 154.13
301366, 6, 50.0, 0, 100, 124.27, 153.88
301617, 6, 50.0, 0, 100, 124.05, 153.52
301868, 6, 50.0, 0, 100, 123.93, 153.33
302119, 6, 50.0, 0, 100, 123.72, 153.08
302370, 6, 50.0, 0, 100, 123.57, 152.9
302621, 6, 50.0, 0, 100, 123.4, 152.68
302872, 6, 50.0, 0, 100, 123.25, 152.48
303123, 6, 50.0, 0, 100, 123.1, 152.15
303374, 6, 50.0, 0, 100, 123.02, 152.0
303625, 6, 50.0, 0, 100, 122.85, 151.7
303876, 6, 50.0, 0, 100, 122.75, 151.55
304127, 6, 50.0, 0, 100, 122.55, 151.3
304378, 6, 50.0, 0, 100, 122.43, 151.1
304629, 6, 50.0, 0, 100, 122.32, 150.83
304880, 6, 50.0, 0, 100, 122.2, 150.5
305131, 6, 50.0, 0, 100, 122.15, 150.25
305399, 6, 50.0, 0, 100, 122.07, 149.88
305650, 6, 50.0, 0, 100, 121.97, 149.65
305901, 6, 50.0, 0, 100, 121.85, 149.33
306152, 6, 50.0, 0, 100, 121.7, 149.15
306403, 6, 50.0, 0, 100, 121.47, 148.93
306654, 6, 50.0, 0, 100, 121.32, 148.77
306905, 6, 50.0, 0, 100, 121.07, 148.52
307156, 6, 50.0, 0, 100, 120.93, 148.35
307407, 6, 50.0, 0, 100, 120.62, 147.98
307658, 6, 50.0, 0, 100, 120.43, 147.73
307909, 6, 50.0, 0, 100, 120.12, 147.38
308160, 6, 50.0, 0, 100, 119.97, 147.18
308411, 6, 50.0, 0, 100, 119.82, 146.93
308662, 6, 50.0, 0, 100, 119.72, 146.75
308913, 6, 50.0, 0, 100, 119.55, 146.5
309164, 6, 50.0, 0, 100, 119.4, 146.33
309415, 6, 50.0, 0, 100, 119.15, 146.08
309666, 6, 50.0, 0, 100, 118.95, 145.93
309917, 6, 50.0, 0, 100, 118.7, 145.7
310168, 6, 50.0, 0, 100, 118.55, 145.55
310419, 6, 50.0, 0, 100, 118.27, 145.35
310670, 6, 50.0, 0, 100, 118.18, 145.2
310921, 6, 50.0, 0, 100, 117.97, 144.95
311172, 6, 50.0, 0, 100, 117.85, 144.77
311423, 6, 50.0, 0, 100, 117.7, 144.43
311674, 6, 50.0, 0, 100, 117.6, 144.2
311925, 6, 50.0, 0, 100, 117.4, 143.93
312176, 6, 50.0, 0, 100, 117.27, 143.7
312427, 6, 50.0, 0, 100, 117.07, 143.43
312678, 6, 50.0, 0, 100, 116.9, 143.23
312929, 6, 50.0, 0, 100, 116.72, 142.95
313180, 6, 50.0, 0, 100, 116.6, 142.83
313431, 6, 50.0, 0, 100, 116.43, 142.58
313682, 6, 50.0, 0, 100, 116.32, 142.43
313933, 6, 50.0, 0, 100, 116.18, 142.13
314184, 6, 50.0, 0, 100, 116.0, 141.8
314435, 6, 50.0, 0, 100, 115.87, 141.6
314703, 6, 50.0, 0, 100, 115.68, 141.27
314954, 6, 50.0, 0, 100, 115.52, 141.05
315205, 6, 50.0, 0, 100, 115.35, 140.77
315456, 6, 50.0, 0, 100, 115.22, 140.58
315707, 6, 50.0, 0, 100, 115.12, 140.35
315958, 6, 50.0, 0, 100, 115.07, 140.18
316209, 6, 50.0, 0, 100, 115.02, 139.93
316460, 6, 50.0, 0, 100, 114.97, 139.77
316711, 6, 50.0, 0, 100, 114.75, 139.52
316962, 6, 50.0, 0, 100, 114.57, 139.4
317213, 6, 50.0, 0, 100, 114.22, 139.18
317464, 6, 50.0, 0, 100, 114.02, 139.0
317715, 6, 50.0, 0, 100, 113.8, 138.7
317966, 6, 50.0, 0, 100, 113.68, 138.52
318217, 6, 50.0, 0, 100, 113.52, 138.23
318468, 6, 50.0, 0, 100, 113.4, 138.02
318719, 6, 50.0, 0, 100, 113.25, 137.77
318970, 6, 50.0, 0, 100, 113.2, 137.55
319221, 6, 50.0, 0, 100, 113.15, 137.3
319472, 6, 50.0, 0, 100, 113.1, 137.15
319723, 6, 50.0, 0, 100, 113.0, 136.93
319974, 6, 50.0, 0, 100, 112.9, 136.8
320225, 6, 50.0, 0, 100, 112.68, 136.55
320476, 6, 50.0, 0, 100, 112.6, 136.43
320727, 6, 50.0, 0, 100, 112.45, 136.27
320978, 6, 50.0, 0, 100, 112.32, 136.18
321229, 6, 50.0, 0, 100, 112.2, 136.08
321480, 6, 50.0, 0, 100, 112.05, 135.98
321731, 6, 50.0, 0, 100, 111.87, 135.75
321982, 6, 50.0, 0, 100, 111.77, 135.6
322233, 6, 50.0, 0, 100, 111.62, 135.35
322484, 6, 50.0, 0, 100, 111.57, 135.2
322735, 6, 50.0, 0, 100, 111.45, 134.95
322986, 6, 50.0, 0, 100, 111.37, 134.8
323237, 6, 50.0, 0, 100, 111.2, 134.6
323488, 6, 50.0, 0, 100, 111.02, 134.35
323739, 6, 50.0, 0, 100, 110.93, 134.23
324007, 6, 50.0, 0, 100, 110.75, 134.0
324258, 6, 50.0, 0, 100, 110.68, 133.83
324509, 6, 50.0, 0, 100, 110.55, 133.6
324760, 6, 50.0, 0, 100, 110.43, 133.43
325011, 6, 50.0, 0, 100, 110.25, 133.15
325262, 6, 50.0, 0, 100, 110.15, 133.0
325513, 6, 50.0, 0, 100, 109.97, 132.77
325764, 6, 50.0, 0, 100, 109.9, 132.65
326015, 6, 50.0, 0, 100, 109.82, 132.45
326266, 6, 50.0, 0, 100, 109.75, 132.3
326517, 6, 50.0, 0, 100, 109.57, 132.05
326768, 6, 50.0, 0, 100, 109.43, 131.88
327019, 6, 50.0, 0, 100, 109.18, 131.63
327270, 6, 50.0, 0, 100, 109.02, 131.48
327521, 6, 50.0, 0, 100, 108.87, 131.27
327772, 6, 50.0, 0, 100, 108.8, 131.15
328023, 6, 50.0, 0, 100, 108.62, 130.93
328274, 6, 50.0, 0, 100, 108.5, 130.77
328525, 6, 50.0, 0, 100, 108.32, 130.55
328776, 6, 50.0, 0, 100, 108.18, 130.43
329027, 6, 50.0, 0, 100, 108.0, 130.27
329278, 6, 50.0, 0, 100, 107.87, 130.13
329529, 6, 50.0, 0, 100, 107.68, 129.85
329780, 6, 50.0, 0, 100, 107.57, 129.65
330031, 6, 50.0, 0, 100, 107.5, 129.35
330282, 6, 50.0, 0, 100, 107.43, 129.2
330533, 6, 50.0, 0, 100, 107.3, 128.98
330784, 6, 50.0, 0, 100, 107.22, 128.83
331035, 6, 50.0, 0, 100, 107.02, 128.58
331286, 6, 50.0, 0, 100, 106.93, 128.43
331537, 6, 50.0, 0, 100, 106.8, 128.2
331788, 6, 50.0, 0, 100, 106.7, 128.0
332039, 6, 50.0, 0, 100, 106.57, 127.72
332290, 6, 50.0, 0, 100, 106.47, 127.52
332541, 6, 50.0, 0, 100, 106.3, 127.27
332792, 6, 50.0, 0, 100, 106.2, 127.18
333043, 6, 50.0, 0, 100, 106.07, 127.07
333313, 6, 50.0, 0, 100, 106.0, 126.87
333564, 6, 50.0, 0, 100, 105.95, 126.75
333815, 6, 50.0, 0, 100, 105.87, 126.52
334066, 6, 50.0, 0, 100, 105.82, 126.27
334317, 6, 50.0, 0, 100, 105.7, 126.02
334568, 6, 50.0, 0, 100, 105.65, 125.9
334819, 6, 50.0, 0, 100, 105.5, 125.68
335070, 6, 50.0, 0, 100, 105.35, 125.57
335321, 6, 50.0, 0, 100, 105.18, 125.43
335572, 6, 50.0, 0, 100, 105.07, 125.3
335823, 6, 50.0, 0, 100, 104.95, 125.15
336074, 6, 50.0, 0, 100, 104.85, 125.05
336325, 6, 50.0, 0, 100, 104.65, 124.87
336576, 6, 50.0, 0, 100, 104.5, 124.75
336827, 6, 50.0, 0, 100, 104.32, 124.55
337078, 6, 50.0, 0, 100, 104.27, 124.45
337329, 6, 50.0, 0, 100, 104.18, 124.27
337580, 6, 50.0, 0, 100, 104.12, 124.12
337831, 6, 50.0, 0, 100, 104.05, 123.9
338082, 6, 50.0, 0, 100, 103.97, 123.75
338333, 6, 50.0, 0, 100, 103.9, 123.52
338584, 6, 50.0, 0, 100, 103.8, 123.43
338835, 6, 50.0, 0, 100, 103.65, 123.25
339086, 6, 50.0, 0, 100, 103.55, 123.12
339337, 6, 50.0, 0, 100, 103.4, 122.93
339588, 6, 50.0, 0, 100, 103.32, 122.75
339839, 6, 50.0, 0, 100, 103.18, 122.5
340090, 6, 50.0, 0, 100, 103.05, 122.32
340341, 6, 50.0, 0, 100, 102.9, 122.12
340592, 6, 50.0, 0, 100, 102.77, 122.0
340843, 6, 50.0, 0, 100, 102.6, 121.87
341113, 6, 50.0, 0, 100, 102.47, 121.75
341364, 6, 50.0, 0, 100, 102.37, 121.6
341615, 6, 50.0, 0, 100, 102.22, 121.37
341866, 6, 50.0, 0, 100, 102.1, 121.2
342117, 6, 50.0, 0, 100, 101.87, 120.93
342368, 6, 50.0, 0, 100, 101.72, 120.77
342619, 6, 50.0, 0, 100, 101.55, 120.62
342870, 6, 50.0, 0, 100, 101.5, 120.52
343121, 6, 50.0, 0, 100, 101.4, 120.37
343372, 6, 50.0, 0, 100, 101.35, 120.27
343623, 6, 50.0, 0, 100, 101.27, 120.02
343874, 6, 50.0, 0, 100, 101.18, 119.85
344125, 6, 50.0, 0, 100, 101.1, 119.68
344376, 6, 50.0, 0, 100, 101.05, 119.57
344627, 6, 50.0, 0, 100, 100.93, 119.47
344878, 6, 50.0, 0, 100, 100.85, 119.43
345129, 6, 50.0, 0, 100, 100.7, 119.25
345380, 6, 50.0, 0, 100, 100.55, 119.1
345631, 6, 50.0, 0, 100, 100.35, 118.93
345882, 6, 50.0, 0, 100, 100.22, 118.77
346133, 6, 50.0, 0, 100, 100.0, 118.57
346384, 6, 50.0, 0, 100, 99.93, 118.47
346635, 6, 50.0, 0, 100, 99.82, 118.3
346886, 6, 50.0, 0, 100, 99.75, 118.2
347137, 6, 50.0, 0, 100, 99.68, 118.0
347388, 6, 50.0, 0, 100, 99.62, 117.85
347639, 6, 50.0, 0, 100, 99.55, 117.65
347890, 6, 50.0, 0, 100, 99.5, 117.5
348141, 6, 50.0, 0, 100, 99.43, 117.35
348392, 6, 50.0, 0, 100, 99.35, 117.25
348643, 6, 50.0, 0, 100, 99.27, 117.12
348913, 6, 50.0, 0, 100, 99.18, 116.95
349164, 6, 50.0, 0, 100, 99.1, 116.82
349415, 6, 50.0, 0, 100, 98.95, 116.68
349666, 6, 50.0, 0, 100, 98.85, 116.6
349917, 6, 50.0, 0, 100, 98.65, 116.47
350168, 6, 50.0, 0, 100, 98.52, 116.37
350419, 6, 50.0, 0, 100, 98.37, 116.18
350670, 6, 50.0, 0, 100, 98.3, 116.02
350921, 6, 50.0, 0, 100, 98.2, 115.85
351172, 6, 50.0, 0, 100, 98.18, 115.72
351423, 6, 50.0, 0, 100, 98.1, 115.57
351674, 6, 50.0, 0, 100, 98.05, 115.43
351925, 6, 50.0, 0, 100, 98.02, 115.15
352176, 6, 50.0, 0, 100, 98.0, 115.0
352427, 6, 50.0, 0, 100, 97.95, 114.8
352678, 6, 50.0, 0, 100, 97.9, 114.7
352929, 6, 50.0, 0, 100, 97.82, 114.6
353180, 6, 50.0, 0, 100, 97.75, 114.5
353431, 6, 50.0, 0, 100, 97.65, 114.35
353682, 6, 50.0, 0, 100, 97.55, 114.25
353933, 6, 50.0, 0, 100, 97.4, 114.07
354184, 6, 50.0, 0, 100, 97.27, 113.97
354435, 6, 50.0, 0, 100, 97.07, 113.82
354686, 6, 50.0, 0, 100, 96.97, 113.72
354937, 6, 50.0, 0, 100, 96.8, 113.6
355188, 6, 50.0, 0, 100, 96.68, 113.52
355439, 6, 50.0, 0, 100, 96.5, 113.4
355690, 6, 50.0, 0, 100, 96.35, 113.32
355941, 6, 50.0, 0, 100, 96.18, 113.15
356192, 6, 50.0, 0, 100, 96.12, 113.05
356443, 6, 50.0, 0, 100, 96.05, 112.93
356714, 6, 50.0, 0, 100, 96.0, 112.72
356965, 6, 50.0, 0, 100, 95.93, 112.57
357216, 6, 50.0, 0, 100, 95.82, 112.37
357467, 6, 50.0, 0, 100, 95.75, 112.25
357718, 6, 50.0, 0, 100, 95.65, 112.07
357969, 6, 50.0, 0, 100, 95.6, 111.97
358220, 6, 50.0, 0, 100, 95.5, 111.82
358471, 6, 50.0, 0, 100, 95.43, 111.72
358722, 6, 50.0, 0, 100, 95.35, 111.55
358973, 6, 50.0, 0, 100, 95.27, 111.45
359224, 6, 50.0, 0, 100, 95.18, 111.25
359475, 6, 50.0, 0, 100, 95.12, 111.1
359726, 6, 50.0, 0, 100, 95.0, 110.9
359977, 6, 50.0, 0, 100, 94.9, 110.75
360228, 6, 50.0, 0, 100, 94.75, 110.55
360479, 6, 50.0, 0, 100, 94.65, 110.47
360730, 6, 50.0, 0, 100, 94.5, 110.32
360981, 6, 50.0, 0, 100, 94.43, 110.22
361232, 6, 50.0, 0, 100, 94.37, 110.1
361483, 6, 50.0, 0, 100, 94.32, 109.97
361734, 6, 50.0, 0, 100, 94.27, 109.8
361985, 6, 50.0, 0, 100, 94.22, 109.7
362236, 6, 50.0, 0, 100, 94.1, 109.52
362487, 6, 50.0, 0, 100, 94.05, 109.43
362738, 6, 50.0, 0, 100, 93.93, 109.25
362989, 6, 50.0, 0, 100, 93.87, 109.1
363240, 6, 50.0, 0, 100, 93.75, 108.87
363491, 6, 50.0, 0, 100, 93.65, 108.72
363742, 6, 50.0, 0, 100, 93.52, 108.5
363993, 6, 50.0, 0, 100, 93.43, 108.4
364244, 6, 50.0, 0, 100, 93.32, 108.2
364495, 6, 50.0, 0, 100, 93.27, 108.05
364746, 6, 50.0, 0, 100, 93.18, 107.87
364997, 6, 50.0, 0, 100, 93.12, 107.72
365248, 6, 50.0, 0, 100, 93.05, 107.6
365499, 6, 50.0, 0, 100, 92.97, 107.5
365750, 6, 50.0, 0, 100, 92.95, 107.43
366018, 6, 50.0, 0, 100, 92.87, 107.27
366269, 6, 50.0, 0, 100, 92.82, 107.12
366520, 6, 50.0, 0, 100, 92.75, 106.85
366771, 6, 50.0, 0, 100, 92.72, 106.7
367022, 6, 50.0, 0, 100, 92.65, 106.55
367273, 6, 50.0, 0, 100, 92.57, 106.47
367524, 6, 50.0, 0, 100, 92.43, 106.4
367775, 6, 50.0, 0, 100, 92.27, 106.32
368026, 6, 50.0, 0, 100, 92.12, 106.15
368277, 6, 50.0, 0, 100, 92.02, 106.02
368528, 6, 50.0, 0, 100, 91.87, 105.87
368779, 6, 50.0, 0, 100, 91.77, 105.77
369030, 6, 50.0, 0, 100, 91.62, 105.62
369281, 6, 50.0, 0, 100, 91.55, 105.57
369532, 6, 50.0, 0, 100, 91.5, 105.43
369783, 6, 50.0, 0, 100, 91.47, 105.35
370034, 6, 50.0, 0, 100, 91.4, 105.22
370285, 6, 50.0, 0, 100, 91.32, 105.07
370536, 6, 50.0, 0, 100, 91.2, 104.93
370787, 6, 50.0, 0, 100, 91.12, 104.8
371038, 6, 50.0, 0, 100, 91.05, 104.68
371289, 6, 50.0, 0, 100, 90.97, 104.62
371540, 6, 50.0, 0, 100, 90.87, 104.5
371791, 6, 50.0, 0, 100, 90.82, 104.43
372042, 6, 50.0, 0, 100, 90.7, 104.3
372293, 6, 50.0, 0, 100, 90.65, 104.22
372544, 6, 50.0, 0, 100, 90.55, 104.12
372795, 6, 50.0, 0, 100, 90.45, 104.02
373046, 6, 50.0, 0, 100, 90.32, 103.87
373297, 6, 50.0, 0, 100, 90.22, 103.77
373548, 6, 50.0, 0, 100, 90.1, 103.62
373799, 6, 50.0, 0, 100, 90.05, 103.52
374050, 6, 50.0, 0, 100, 90.0, 103.35
374301, 6, 50.0, 0, 100, 89.97, 103.22
374552, 6, 50.0, 0, 100, 89.9, 103.05
374803, 6, 50.0, 0, 100, 89.75, 102.9
375054, 6, 50.0, 0, 100, 89.65, 102.8
375322, 6, 50.0, 0, 100, 89.47, 102.62
375573, 6, 50.0, 0, 100, 89.37, 102.5
375824, 6, 50.0, 0, 100, 89.25, 102.35
376075, 6, 50.0, 0, 100, 89.15, 102.25
376326, 6, 50.0, 0, 100, 89.07, 102.07
376577, 6, 50.0, 0, 100, 89.02, 101.97
376828, 6, 50.0, 0, 100, 88.97, 101.82
377079, 6, 50.0, 0, 100, 88.93, 101.77
377330, 6, 50.0, 0, 100, 88.82, 101.68
377581, 6, 50.0, 0, 100, 88.75, 101.6
377832, 6, 50.0, 0, 100, 88.62, 101.45
378083, 6, 50.0, 0, 100, 88.57, 101.3
378334, 6, 50.0, 0, 100, 88.47, 101.15
378585, 6, 50.0, 0, 100, 88.43, 101.07
378836, 6, 50.0, 0, 100, 88.37, 100.97
379087, 6, 50.0, 0, 100, 88.32, 100.93
379338, 6, 50.0, 0, 100, 88.3, 100.77
379589, 6, 50.0, 0, 100, 88.25, 100.68
379840, 6, 50.0, 0, 100, 88.22, 100.55
380091, 6, 50.0, 0, 100, 88.18, 100.5
380342, 6, 50.0, 0, 100, 88.1, 100.45
380593, 6, 50.0, 0, 100, 88.07, 100.4
380844, 6, 50.0, 0, 100, 88.0, 100.25
381095, 6, 50.0, 0, 100, 88.0, 100.15
381346, 6, 50.0, 0, 100, 87.93, 99.97
381597, 6, 50.0, 0, 100, 87.87, 99.87
381848, 6, 50.0, 0, 100, 87.75, 99.75
382099, 6, 50.0, 0, 100, 87.65, 99.65
382350, 6, 50.0, 0, 100, 87.5, 99.52
382601, 6, 50.0, 0, 100, 87.4, 99.45
382852, 6, 50.0, 0, 100, 87.27, 99.37
383123, 6, 50.0, 0, 100, 87.15, 99.3
383374, 6, 50.0, 0, 100, 87.1, 99.25
383625, 6, 50.0, 0, 100, 87.0, 99.15
383876, 6, 50.0, 0, 100, 86.93, 99.1
384127, 6, 50.0, 0, 100, 86.85, 98.97
384378, 6, 50.0, 0, 100, 86.8, 98.9
384629, 6, 50.0, 0, 100, 86.68, 98.75
384880, 6, 50.0, 0, 100, 86.57, 98.6
385131, 6, 50.0, 0, 100, 86.4, 98.43
385382, 6, 50.0, 0, 100, 86.25, 98.3
385633, 6, 50.0, 0, 100, 86.1, 98.18
385884, 6, 50.0, 0, 100, 86.05, 98.12
386135, 6, 50.0, 0, 100, 85.93, 98.02
386386, 6, 50.0, 0, 100, 85.87, 97.93
386637, 6, 50.0, 0, 100, 85.77, 97.75
386888, 6, 50.0, 0, 100, 85.7, 97.65
387139, 6, 50.0, 0, 100, 85.62, 97.52
387390, 6, 50.0, 0, 100, 85.57, 97.47
387641, 6, 50.0, 0, 100, 85.45, 97.4
387892, 6, 50.0, 0, 100, 85.37, 97.3
388143, 6, 50.0, 0, 100, 85.27, 97.15
388394, 6, 50.0, 0, 100, 85.2, 97.07
388645, 6, 50.0, 0, 100, 85.12, 96.97
388896, 6, 50.0, 0, 100, 85.07, 96.93
389147, 6, 50.0, 0, 100, 85.0, 96.77
389398, 6, 50.0, 0, 100, 84.93, 96.65
389649, 6, 50.0, 0, 100, 84.85, 96.47
389900, 6, 50.0, 0, 100, 84.8, 96.37
390151, 6, 50.0, 0, 100, 84.68, 96.3
390402, 6, 50.0, 0, 100, 84.62, 96.22
390653, 6, 50.0, 0, 100, 84.55, 96.15
390924, 6, 50.0, 0, 100, 84.45, 96.07
391175, 6, 50.0, 0, 100, 84.4, 96.0
391426, 6, 50.0, 0, 100, 84.32, 95.9
391677, 6, 50.0, 0, 100, 84.27, 95.8
391928, 6, 50.0, 0, 100, 84.2, 95.65
392179, 6, 50.0, 0, 100, 84.15, 95.55
392430, 6, 50.0, 0, 100, 84.07, 95.43
392681, 6, 50.0, 0, 100, 84.0, 95.32
392932, 6, 50.0, 0, 100, 83.9, 95.18
393183, 6, 50.0, 0, 100, 83.82, 95.1
393434, 6, 50.0, 0, 100, 83.68, 94.93
393685, 6, 50.0, 0, 100, 83.6, 94.87
393936, 6, 50.0, 0, 100, 83.55, 94.77
394187, 6, 50.0, 0, 100, 83.52, 94.68
394438, 6, 50.0, 0, 100, 83.47, 94.6
394689, 6, 50.0, 0, 100, 83.43, 94.52
394940, 6, 50.0, 0, 100, 83.32, 94.4
395191, 6, 50.0, 0, 100, 83.25, 94.32
395442, 6, 50.0, 0, 100, 83.15, 94.18
395693, 6, 50.0, 0, 100, 83.1, 94.1
395944, 6, 50.0, 0, 100, 82.97, 93.97
396195, 6, 50.0, 0, 100, 82.9, 93.9
396446, 6, 50.0, 0, 100, 82.77, 93.82
396697, 6, 50.0, 0, 100, 82.68, 93.72
396948, 6, 50.0, 0, 100, 82.57, 93.6
397199, 6, 50.0, 0, 100, 82.52, 93.52
397450, 6, 50.0, 0, 100, 82.5, 93.4
397701, 6, 50.0, 0, 100, 82.5, 93.35
397952, 6, 50.0, 0, 100, 82.5, 93.25
398203, 6, 50.0, 0, 100, 82.47, 93.18
398454, 6, 50.0, 0, 100, 82.4, 93.07
398725, 6, 50.0, 0, 100, 82.32, 92.93
398976, 6, 50.0, 0, 100, 82.25, 92.87
399227, 6, 50.0, 0, 100, 82.15, 92.7
399478, 6, 50.0, 0, 100, 82.07, 92.62
399729, 6, 50.0, 0, 100, 81.93, 92.52
399980, 6, 50.0, 0, 100, 81.85, 92.43
400231, 6, 50.0, 0, 100, 81.77, 92.32
400482, 6, 50.0, 0, 100, 81.75, 92.22
400733, 6, 50.0, 0, 100, 81.75, 92.1
400984, 6, 50.0, 0, 100, 81.75, 92.05
401235, 6, 50.0, 0, 100, 81.75, 91.97
401486, 6, 50.0, 0, 100, 81.75, 91.93
401737, 6, 50.0, 0, 100, 81.75, 91.85
401988, 6, 50.0, 0, 100, 81.7, 91.75
402239, 6, 50.0, 0, 100, 81.62, 91.62
402490, 6, 50.0, 0, 100, 81.55, 91.57
402741, 6, 50.0, 0, 100, 81.4, 91.45
402992, 6, 50.0, 0, 100, 81.35, 91.4
403243, 6, 50.0, 0, 100, 81.2, 91.32
403494, 6, 50.0, 0, 100, 81.1, 91.27
403745, 6, 50.0, 0, 100, 80.95, 91.25
403996, 6, 50.0, 0, 100, 80.85, 91.2
404247, 6, 50.0, 0, 100, 80.72, 91.1
404498, 6, 50.0, 0, 100, 80.65, 91.0
404749, 6, 50.0, 0, 100, 80.57, 90.82
405000, 6, 50.0, 0, 100, 80.52, 90.75
405251, 6, 50.0, 0, 100, 80.5, 90.62
405502, 6, 50.0, 0, 100, 80.45, 90.55
405753, 6, 50.0, 0, 100, 80.4, 90.43
406004, 6, 50.0, 0, 100, 80.35, 90.35
406255, 6, 50.0, 0, 100, 80.25, 90.27
406525, 6, 50.0, 0, 100, 80.18, 90.15
406776, 6, 50.0, 0, 100, 80.1, 90.07
407027, 6, 50.0, 0, 100, 80.02, 89.97
407278, 6, 50.0, 0, 100, 79.95, 89.9
407529, 6, 50.0, 0, 100, 79.87, 89.82
407780, 6, 50.0, 0, 100, 79.82, 89.75
408031, 6, 50.0, 0, 100, 79.7, 89.62
408282, 6, 50.0, 0, 100, 79.65, 89.57
408533, 6, 50.0, 0, 100, 79.55, 89.5
408784, 6, 50.0, 0, 100, 79.5, 89.45
409035, 6, 50.0, 0, 100, 79.43, 89.4
409286, 6, 50.0, 0, 100, 79.4, 89.32
409537, 6, 50.0, 0, 100, 79.35, 89.18
409788, 6, 50.0, 0, 100, 79.27, 89.07
410039, 6, 50.0, 0, 100, 79.22, 88.9
410290, 6, 50.0, 0, 100, 79.15, 88.82
410541, 6, 50.0, 0, 100, 79.07, 88.72
410792, 6, 50.0, 0, 100, 79.05, 88.68
411043, 6, 50.0, 0, 100, 78.95, 88.57
411294, 6, 50.0, 0, 100, 78.9, 88.47
411545, 6, 50.0, 0, 100, 78.82, 88.35
411796, 6, 50.0, 0, 100, 78.77, 88.3
412047, 6, 50.0, 0, 100, 78.75, 88.18
412298, 6, 50.0, 0, 100, 78.72, 88.12
412549, 6, 50.0, 0, 100, 78.65, 88.0
412800, 6, 50.0, 0, 100, 78.6, 87.9
413051, 6, 50.0, 0, 100, 78.5, 87.82
413302, 6, 50.0, 0, 100, 78.43, 87.75
413553, 6, 50.0, 0, 100, 78.32, 87.65
413804, 6, 50.0, 0, 100, 78.22, 87.57
414055, 6, 50.0, 0, 100, 78.1, 87.47
414326, 6, 50.0, 0, 100, 78.02, 87.32
414577, 6, 50.0, 0, 100, 78.0, 87.22
414828, 6, 50.0, 0, 100, 78.0, 87.1
415079, 6, 50.0, 0, 100, 77.97, 87.05
415330, 6, 50.0, 0, 100, 77.9, 86.97
415581, 6, 50.0, 0, 100, 77.85, 86.93
415832, 6, 50.0, 0, 100, 77.77, 86.85
416083, 6, 50.0, 0, 100, 77.75, 86.8
416334, 6, 50.0, 0, 100, 77.75, 86.75
416585, 6, 50.0, 0, 100, 77.72, 86.7
416836, 6, 50.0, 0, 100, 77.7, 86.62
417087, 6, 50.0, 0, 100, 77.65, 86.55
417338, 6, 50.0, 0, 100, 77.57, 86.43
417589, 6, 50.0, 0, 100, 77.5, 86.37
417840, 6, 50.0, 0, 100, 77.37, 86.3
418091, 6, 50.0, 0, 100, 77.32, 86.22
418342, 6, 50.0, 0, 100, 77.25, 86.12
418593, 6, 50.0, 0, 100, 77.22, 86.02
418844, 6, 50.0, 0, 100, 77.12, 85.87
419095, 6, 50.0, 0, 100, 77.02, 85.8
419346, 6, 50.0, 0, 100, 76.87, 85.65
419597, 6, 50.0, 0, 100, 76.8, 85.6
419848, 6, 50.0, 0, 100, 76.75, 85.47
420099, 6, 50.0, 0, 100, 76.7, 85.4
420350, 6, 50.0, 0, 100, 76.65, 85.3
420601, 6, 50.0, 0, 100, 76.6, 85.2
420852, 6, 50.0, 0, 100, 76.52, 85.1
421103, 6, 50.0, 0, 100, 76.52, 85.02
421354, 6, 50.0, 0, 100, 76.5, 84.9
421605, 6, 50.0, 0, 100, 76.5, 84.85
421856, 6, 50.0, 0, 100, 76.5, 84.8
422127, 6, 50.0, 0, 100, 76.5, 84.68
422378, 6, 50.0, 0, 100, 76.5, 84.62
422629, 6, 50.0, 0, 100, 76.5, 84.55
422880, 6, 50.0, 0, 100, 76.5, 84.45
423131, 6, 50.0, 0, 100, 76.47, 84.37
423382, 6, 50.0, 0, 100, 76.43, 84.32
423633, 6, 50.0, 0, 100, 76.3, 84.22
423884, 6, 50.0, 0, 100, 76.2, 84.2
424135, 6, 50.0, 0, 100, 76.07, 84.12
424386, 6, 50.0, 0, 100, 76.02, 84.05
424637, 6, 50.0, 0, 100, 76.0, 83.93
424888, 6, 50.0, 0, 100, 75.95, 83.85
425139, 6, 50.0, 0, 100, 75.87, 83.72
425390, 6, 50.0, 0, 100, 75.82, 83.65
425641, 6, 50.0, 0, 100, 75.7, 83.57
425892, 6, 50.0, 0, 100, 75.65, 83.47
426143, 6, 50.0, 0, 100, 75.55, 83.37
426394, 6, 50.0, 0, 100, 75.45, 83.32
426645, 6, 50.0, 0, 100, 75.35, 83.25
426896, 6, 50.0, 0, 100, 75.3, 83.22
427147, 6, 50.0, 0, 100, 75.2, 83.15
427398, 6, 50.0, 0, 100, 75.15, 83.1
427649, 6, 50.0, 0, 100, 75.07, 82.95
427900, 6, 50.0, 0, 100, 75.02, 82.87
428151, 6, 50.0, 0, 100, 75.0, 82.8
428402, 6, 50.0, 0, 100, 75.0, 82.7
428653, 6, 50.0, 0, 100, 75.0, 82.65
428904, 6, 50.0, 0, 100, 74.97, 82.6
429155, 6, 50.0, 0, 100, 74.9, 82.52
429406, 6, 50.0, 0, 100, 74.82, 82.52
429657, 6, 50.0, 0, 100, 74.7, 82.47
429928, 6, 50.0, 0, 100, 74.6, 82.4
430179, 6, 50.0, 0, 100, 74.55, 82.35
430430, 6, 50.0, 0, 100, 74.47, 82.22
430681, 6, 50.0, 0, 100, 74.45, 82.15
430932, 6, 50.0, 0, 100, 74.37, 82.05
431183, 6, 50.0, 0, 100, 74.32, 81.97
431434, 6, 50.0, 0, 100, 74.27, 81.87
431685, 6, 50.0, 0, 100, 74.2, 81.82
431936, 6, 50.0, 0, 100, 74.12, 81.7
432187, 6, 50.0, 0, 100, 74.05, 81.62
432438, 6, 50.0, 0, 100, 73.9, 81.55
432689, 6, 50.0, 0, 100, 73.85, 81.5
432940, 6, 50.0, 0, 100, 73.75, 81.45
433191, 6, 50.0, 0, 100, 73.68, 81.4
433442, 6, 50.0, 0, 100, 73.6, 81.25
433693, 6, 50.0, 0, 100, 73.55, 81.15
433944, 6, 50.0, 0, 100, 73.5, 81.05
434195, 6, 50.0, 0, 100, 73.5, 81.0
434446, 6, 50.0, 0, 100, 73.45, 80.95
434697, 6, 50.0, 0, 100, 73.4, 80.9
434948, 6, 50.0, 0, 100, 73.32, 80.82
435199, 6, 50.0, 0, 100, 73.27, 80.77
435450, 6, 50.0, 0, 100, 73.25, 80.75
435701, 6, 50.0, 0, 100, 73.22, 80.7
435952, 6, 50.0, 0, 100, 73.2, 80.62
436203, 6, 50.0, 0, 100, 73.18, 80.55
436454, 6, 50.0, 0, 100, 73.15, 80.4
436705, 6, 50.0, 0, 100, 73.12, 80.32
436956, 6, 50.0, 0, 100, 73.07, 80.18
437207, 6, 50.0, 0, 100, 73.05, 80.1
437458, 6, 50.0, 0, 100, 73.0, 80.05
437729, 6, 50.0, 0, 100, 72.93, 79.93
437980, 6, 50.0, 0, 100, 72.87, 79.87
438231, 6, 50.0, 0, 100, 72.8, 79.8
438482, 6, 50.0, 0, 100, 72.75, 79.75
438733, 6, 50.0, 0, 100, 72.72, 79.7
438984, 6, 50.0, 0, 100, 72.68, 79.68
439235, 6, 50.0, 0, 100, 72.6, 79.6
439486, 6, 50.0, 0, 100, 72.5, 79.52
439737, 6, 50.0, 0, 100, 72.37, 79.43
439988, 6, 50.0, 0, 100, 72.32, 79.35
440239, 6, 50.0, 0, 100, 72.27, 79.27
440490, 6, 50.0, 0, 100, 72.32, 79.2
440741, 6, 50.0, 0, 100, 72.32, 79.15
440992, 6, 50.0, 0, 100, 72.32, 79.1
441243, 6, 50.0, 0, 100, 72.3, 79.0
441494, 6, 50.0, 0, 100, 72.25, 78.95
441745, 6, 50.0, 0, 100, 72.25, 78.85
441996, 6, 50.0, 0, 100, 72.25, 78.8
442247, 6, 50.0, 0, 100, 72.22, 78.72
442498, 6, 50.0, 0, 100, 72.18, 78.68
442749, 6, 50.0, 0, 100, 72.07, 78.57
443000, 6, 50.0, 0, 100, 71.97, 78.47
443251, 6, 50.0, 0, 100, 71.85, 78.35
443502, 6, 50.0, 0, 100, 71.77, 78.3
443753, 6, 50.0, 0, 100, 71.68, 78.2
444004, 6, 50.0, 0, 100, 71.62, 78.15
444255, 6, 50.0, 0, 100, 71.55, 78.07
444506, 6, 50.0, 0, 100, 71.52, 78.0
444757, 6, 50.0, 0, 100, 71.5, 77.95
445008, 6, 50.0, 0, 100, 71.5, 77.9
445259, 6, 50.0, 0, 100, 71.43, 77.85
445529, 6, 50.0, 0, 100, 71.35, 77.8
445780, 6, 50.0, 0, 100, 71.3, 77.72
446031, 6, 50.0, 0, 100, 71.25, 77.65
446282, 6, 50.0, 0, 100, 71.25, 77.6
446533, 6, 50.0, 0, 100, 71.2, 77.5
446784, 6, 50.0, 0, 100, 71.15, 77.43
447035, 6, 50.0, 0, 100, 71.07, 77.35
447286, 6, 50.0, 0, 100, 71.02, 77.3
447537, 6, 50.0, 0, 100, 70.97, 77.22
447788, 6, 50.0, 0, 100, 70.93, 77.18
448039, 6, 50.0, 0, 100, 70.85, 77.12
448290, 6, 50.0, 0, 100, 70.8, 77.07
448541, 6, 50.0, 0, 100, 70.75, 77.02
448792, 6, 50.0, 0, 100, 70.7, 77.02
449043, 6, 50.0, 0, 100, 70.62, 76.97
449294, 6, 50.0, 0, 100, 70.57, 76.93
449545, 6, 50.0, 0, 100, 70.5, 76.85
449796, 6, 50.0, 0, 100, 70.5, 76.75
450047, 6, 50.0, 0, 100, 70.45, 76.65
450298, 6, 50.0, 0, 100, 70.4, 76.6
450549, 6, 50.0, 0, 100, 70.32, 76.52
450800, 6, 50.0, 0, 100, 70.27, 76.52
451051, 6, 50.0, 0, 100, 70.25, 76.43
451302, 6, 50.0, 0, 100, 70.25, 76.37
451553, 6, 50.0, 0, 100, 70.22, 76.3
451804, 6, 50.0, 0, 100, 70.2, 76.22
452055, 6, 50.0, 0, 100, 70.15, 76.18
452306, 6, 50.0, 0, 100, 70.1, 76.12
452557, 6, 50.0, 0, 100, 69.97, 76.05
452808, 6, 50.0, 0, 100, 69.9, 76.0
453059, 6, 50.0, 0, 100, 69.8, 76.0
453330, 6, 50.0, 0, 100, 69.72, 75.9
453581, 6, 50.0, 0, 100, 69.7, 75.85
453832, 6, 50.0, 0, 100, 69.65, 75.8
454083, 6, 50.0, 0, 100, 69.6, 75.72
454334, 6, 50.0, 0, 100, 69.55, 75.65
454585, 6, 50.0, 0, 100, 69.52, 75.6
454836, 6, 50.0, 0, 100, 69.45, 75.47
455087, 6, 50.0, 0, 100, 69.43, 75.43
455338, 6, 50.0, 0, 100, 69.35, 75.43
455589, 6, 50.0, 0, 100, 69.3, 75.37
455840, 6, 50.0, 0, 100, 69.32, 75.35
456091, 6, 50.0, 0, 100, 69.3, 75.32
456342, 6, 50.0, 0, 100, 69.35, 75.18
456593, 6, 50.0, 0, 100, 69.35, 75.12
456844, 6, 50.0, 0, 100, 69.32, 74.97
457095, 6, 50.0, 0, 100, 69.32, 74.87
457346, 6, 50.0, 0, 100, 69.27, 74.8
457597, 6, 50.0, 0, 100, 69.27, 74.75
457848, 6, 50.0, 0, 100, 69.2, 74.72
458099, 6, 50.0, 0, 100, 69.15, 74.68
458350, 6, 50.0, 0, 100, 69.07, 74.6
458601, 6, 50.0, 0, 100, 69.02, 74.5
458852, 6, 50.0, 0, 100, 68.93, 74.37
459103, 6, 50.0, 0, 100, 68.82, 74.32
459354, 6, 50.0, 0, 100, 68.68, 74.25
459605, 6, 50.0, 0, 100, 68.57, 74.25
459856, 6, 50.0, 0, 100, 68.5, 74.18
460107, 6, 50.0, 0, 100, 68.5, 74.12
460358, 6, 50.0, 0, 100, 68.47, 74.02
460609, 6, 50.0, 0, 100, 68.47, 73.93
460860, 6, 50.0, 0, 100, 68.4, 73.87
461131, 6, 50.0, 0, 100, 68.25, 73.8
461382, 6, 50.0, 0, 100, 68.18, 73.75
461633, 6, 50.0, 0, 100, 68.05, 73.68
461884, 6, 50.0, 0, 100, 68.0, 73.62
462135, 6, 50.0, 0, 100, 67.95, 73.55
462386, 6, 50.0, 0, 100, 67.9, 73.5
462637, 6, 50.0, 0, 100, 67.82, 73.47
462888, 6, 50.0, 0, 100, 67.77, 73.43
463139, 6, 50.0, 0, 100, 67.7, 73.35
463390, 6, 50.0, 0, 100, 67.65, 73.3
463641, 6, 50.0, 0, 100, 67.57, 73.25
463892, 6, 50.0, 0, 100, 67.52, 73.22
464143, 6, 50.0, 0, 100, 67.5, 73.15
464394, 6, 50.0, 0, 100, 67.5, 73.1
464645, 6, 50.0, 0, 100, 67.47, 73.0
464896, 6, 50.0, 0, 100, 67.43, 72.93
465147, 6, 50.0, 0, 100, 67.35, 72.85
465398, 6, 50.0, 0, 100, 67.3, 72.8
465649, 6, 50.0, 0, 100, 67.25, 72.72
465900, 6, 50.0, 0, 100, 67.22, 72.7
466151, 6, 50.0, 0, 100, 67.15, 72.62
466402, 6, 50.0, 0, 100, 67.12, 72.57
466653, 6, 50.0, 0, 100, 67.07, 72.5
466904, 6, 50.0, 0, 100, 67.05, 72.45
467155, 6, 50.0, 0, 100, 67.05, 72.37
467406, 6, 50.0, 0, 100, 67.0, 72.32
467657, 6, 50.0, 0, 100, 66.9, 72.27
467908, 6, 50.0, 0, 100, 66.85, 72.22
468159, 6, 50.0, 0, 100, 66.77, 72.15
468410, 6, 50.0, 0, 100, 66.75, 72.1
468661, 6, 50.0, 0, 100, 66.75, 72.05
468932, 6, 50.0, 0, 100, 66.75, 71.97
469183, 6, 50.0, 0, 100, 66.75, 71.93
469434, 6, 50.0, 0, 100, 66.75, 71.85
469685, 6, 50.0, 0, 100, 66.75, 71.8
469936, 6, 50.0, 0, 100, 66.68, 71.75
470187, 6, 50.0, 0, 100, 66.62, 71.75
470438, 6, 50.0, 0, 100, 66.5, 71.68
470689, 6, 50.0, 0, 100, 66.4, 71.62
470940, 6, 50.0, 0, 100, 66.32, 71.55
471191, 6, 50.0, 0, 100, 66.27, 71.5
471442, 6, 50.0, 0, 100, 66.22, 71.5
471693, 6, 50.0, 0, 100, 66.18, 71.47
471944, 6, 50.0, 0, 100, 66.1, 71.4
472195, 6, 50.0, 0, 100, 66.05, 71.35
472446, 6, 50.0, 0, 100, 65.93, 71.27
472697, 6, 50.0, 0, 100, 65.87, 71.25
472948, 6, 50.0, 0, 100, 65.8, 71.2
473199, 6, 50.0, 0, 100, 65.72, 71.15
473450, 6, 50.0, 0, 100, 65.72, 71.07
473701, 6, 50.0, 0, 100, 65.72, 71.02
473952, 6, 50.0, 0, 100, 65.7, 70.97
474203, 6, 50.0, 0, 100, 65.68, 70.95
474454, 6, 50.0, 0, 100, 65.6, 70.87
474705, 6, 50.0, 0, 100, 65.57, 70.82
474956, 6, 50.0, 0, 100, 65.52, 70.77
475207, 6, 50.0, 0, 100, 65.52, 70.7
475458, 6, 50.0, 0, 100, 65.52, 70.62
475709, 6, 50.0, 0, 100, 65.5, 70.57
475960, 6, 50.0, 0, 100, 65.5, 70.5
476211, 6, 50.0, 0, 100, 65.5, 70.43
476462, 6, 50.0, 0, 100, 65.5, 70.37
476732, 6, 50.0, 0, 100, 65.5, 70.3
476983, 6, 50.0, 0, 100, 65.5, 70.25
477234, 6, 50.0, 0, 100, 65.5, 70.2
477485, 6, 50.0, 0, 100, 65.45, 70.15
477736, 6, 50.0, 0, 100, 65.4, 70.07
477987, 6, 50.0, 0, 100, 65.37, 70.02
478238, 6, 50.0, 0, 100, 65.35, 70.0
478489, 6, 50.0, 0, 100, 65.35, 70.0
478740, 6, 50.0, 0, 100, 65.3, 69.97
478991, 6, 50.0, 0, 100, 65.22, 69.93
479242, 6, 50.0, 0, 100, 65.1, 69.85
479493, 6, 50.0, 0, 100, 65.05, 69.77
479744, 6, 50.0, 0, 100, 64.95, 69.72
479995, 6, 50.0, 0, 100, 64.95, 69.7
480246, 6, 50.0, 0, 100, 64.93, 69.62
480497, 6, 50.0, 0, 100, 64.9, 69.6
480748, 6, 50.0, 0, 100, 64.9, 69.52
480999, 6, 50.0, 0, 100, 64.85, 69.5
481250, 6, 50.0, 0, 100, 64.75, 69.47
481501, 6, 50.0, 0, 100, 64.68, 69.43
481752, 6, 50.0, 0, 100, 64.57, 69.35
482003, 6, 50.0, 0, 100, 64.52, 69.3
482254, 6, 50.0, 0, 100, 64.5, 69.25
482505, 6, 50.0, 0, 100, 64.5, 69.2
482756, 6, 50.0, 0, 100, 64.47, 69.12
483007, 6, 50.0, 0, 100, 64.47, 69.07
483258, 6, 50.0, 0, 100, 64.43, 69.0
483509, 6, 50.0, 0, 100, 64.37, 68.95
483760, 6, 50.0, 0, 100, 64.32, 68.87
484011, 6, 50.0, 0, 100, 64.27, 68.82
484262, 6, 50.0, 0, 100, 64.22, 68.77
484533, 6, 50.0, 0, 100, 64.22, 68.75
484784, 6, 50.0, 0, 100, 64.22, 68.7
485035, 6, 50.0, 0, 100, 64.18, 68.62
485286, 6, 50.0, 0, 100, 64.15, 68.57
485537, 6, 50.0, 0, 100, 64.07, 68.5
485788, 6, 50.0, 0, 100, 64.0, 68.5
486039, 6, 50.0, 0, 100, 63.9, 68.5
486290, 6, 50.0, 0, 100, 63.85, 68.47
486541, 6, 50.0, 0, 100, 63.78, 68.4
486792, 6, 50.0, 0, 100, 63.75, 68.35
487043, 6, 50.0, 0, 100, 63.7, 68.27
487294, 6, 50.0, 0, 100, 63.7, 68.25
487545, 6, 50.0, 0, 100, 63.63, 68.2
487796, 6, 50.0, 0, 100, 63.58, 68.18
488047, 6, 50.0, 0, 100, 63.55, 68.12
488298, 6, 50.0, 0, 100, 63.45, 68.07
488549, 6, 50.0, 0, 100, 63.38, 68.05
488800, 6, 50.0, 0, 100, 63.33, 68.02
489051, 6, 50.0, 0, 100, 63.22, 67.95
489302, 6, 50.0, 0, 100, 63.2, 67.9
489553, 6, 50.0, 0, 100, 63.2, 67.82
489804, 6, 50.0, 0, 100, 63.15, 67.77
490055, 6, 50.0, 0, 100, 63.1, 67.72
490306, 6, 50.0, 0, 100, 63.08, 67.68
490557, 6, 50.0, 0, 100, 63.0, 67.6
490808, 6, 50.0, 0, 100, 63.0, 67.55
491059, 6, 50.0, 0, 100, 63.0, 67.5
491310, 6, 50.0, 0, 100, 63.0, 67.5
491561, 6, 50.0, 0, 100, 63.0, 67.45
491812, 6, 50.0, 0, 100, 63.0, 67.43
492063, 6, 50.0, 0, 100, 63.0, 67.37
492334, 6, 50.0, 0, 100, 62.97, 67.3
492585, 6, 50.0, 0, 100, 62.93, 67.3
492836, 6, 50.0, 0, 100, 62.85, 67.22
493087, 6, 50.0, 0, 100, 62.8, 67.18
493338, 6, 50.0, 0, 100, 62.7, 67.1
493589, 6, 50.0, 0, 100, 62.65, 67.05
493840, 6, 50.0, 0, 100, 62.58, 67.0
494091, 6, 50.0, 0, 100, 62.53, 67.0
494342, 6, 50.0, 0, 100, 62.45, 66.97
494593, 6, 50.0, 0, 100, 62.4, 66.93
494844, 6, 50.0, 0, 100, 62.33, 66.85
495095, 6, 50.0, 0, 100, 62.3, 66.8
495346, 6, 50.0, 0, 100, 62.33, 66.72
495597, 6, 50.0, 0, 100, 62.33, 66.68
495848, 6, 50.0, 0, 100, 62.35, 66.62
496099, 6, 50.0, 0, 100, 62.33, 66.57
496350, 6, 50.0, 0, 100, 62.28, 66.52
496601, 6, 50.0, 0, 100, 62.28, 66.52
496852, 6, 50.0, 0, 100, 62.25, 66.5
497103, 6, 50.0, 0, 100, 62.25, 66.5
497354, 6, 50.0, 0, 100, 62.25, 66.5
497605, 6, 50.0, 0, 100, 62.25, 66.45
497856, 6, 50.0, 0, 100, 62.18, 66.37
498107, 6, 50.0, 0, 100, 62.13, 66.32
498358, 6, 50.0, 0, 100, 62.05, 66.25
498609, 6, 50.0, 0, 100, 62.0, 66.25
498860, 6, 50.0, 0, 100, 61.97, 66.18
499111, 6, 50.0, 0, 100, 61.93, 66.15
499362, 6, 50.0, 0, 100, 61.85, 66.07
499613, 6, 50.0, 0, 100, 61.8, 66.02
499864, 6, 50.0, 0, 100, 61.75, 66.02
500135, 6, 50.0, 0, 100, 61.78, 65.95
500386, 6, 50.0, 0, 100, 61.78, 65.93
500637, 6, 50.0, 0, 100, 61.8, 65.85
500888, 6, 50.0, 0, 100, 61.8, 65.8
501139, 6, 50.0, 0, 100, 61.78, 65.77
501390, 6, 50.0, 0, 100, 61.78, 65.72
501641, 6, 50.0, 0, 100, 61.72, 65.65
501892, 6, 50.0, 0, 100, 61.7, 65.6
502143, 6, 50.0, 0, 100, 61.63, 65.52
502394, 6, 50.0, 0, 100, 61.58, 65.5
502645, 6, 50.0, 0, 100, 61.53, 65.5
502896, 6, 50.0, 0, 100, 61.47, 65.5
503147, 6, 50.0, 0, 100, 61.47, 65.45
503398, 6, 50.0, 0, 100, 61.45, 65.4
503649, 6, 50.0, 0, 100, 61.4, 65.32
503900, 6, 50.0, 0, 100, 61.38, 65.27
504151, 6, 50.0, 0, 100, 61.3, 65.25
504402, 6, 50.0, 0, 100, 61.28, 65.22
504653, 6, 50.0, 0, 100, 61.22, 65.18
504904, 6, 50.0, 0, 100, 61.18, 65.12
505155, 6, 50.0, 0, 100, 61.18, 65.05
505406, 6, 50.0, 0, 100, 61.13, 65.02
505657, 6, 50.0, 0, 100, 61.1, 65.0
505908, 6, 50.0, 0, 100, 61.15, 64.97
506159, 6, 50.0, 0, 100, 61.08, 64.9
506410, 6, 50.0, 0, 100, 61.08, 64.85
506661, 6, 50.0, 0, 100, 61.05, 64.77
506912, 6, 50.0, 0, 100, 61.0, 64.75
507163, 6, 50.0, 0, 100, 61.0, 64.72
507414, 6, 50.0, 0, 100, 60.97, 64.68
507665, 6, 50.0, 0, 100, 60.97, 64.62
507936, 6, 50.0, 0, 100, 60.9, 64.55
508187, 6, 50.0, 0, 100, 60.85, 64.5
508438, 6, 50.0, 0, 100, 60.78, 64.47
508689, 6, 50.0, 0, 100, 60.7, 64.43
508940, 6, 50.0, 0, 100, 60.63, 64.35
509191, 6, 50.0, 0, 100, 60.6, 64.3
509442, 6, 50.0, 0, 100, 60.55, 64.25
509693, 6, 50.0, 0, 100, 60.53, 64.25
509944, 6, 50.0, 0, 100, 60.53, 64.25
510195, 6, 50.0, 0, 100, 60.5, 64.2
510446, 6, 50.0, 0, 100, 60.5, 64.18
510697, 6, 50.0, 0, 100, 60.5, 64.12
510948, 6, 50.0, 0, 100, 60.5, 64.05
511199, 6, 50.0, 0, 100, 60.47, 64.05
511450, 6, 50.0, 0, 100, 60.4, 64.0
511701, 6, 50.0, 0, 100, 60.35, 63.97
511952, 6, 50.0, 0, 100, 60.28, 63.9
512203, 6, 50.0, 0, 100, 60.25, 63.85
512454, 6, 50.0, 0, 100, 60.25, 63.78
512705, 6, 50.0, 0, 100, 60.25, 63.7
512956, 6, 50.0, 0, 100, 60.22, 63.68
513207, 6, 50.0, 0, 100, 60.18, 63.63
513458, 6, 50.0, 0, 100, 60.1, 63.55
513709, 6, 50.0, 0, 100, 60.05, 63.55
513960, 6, 50.0, 0, 100, 60.0, 63.5
514211, 6, 50.0, 0, 100, 60.0, 63.5
514462, 6, 50.0, 0, 100, 59.93, 63.5
514713, 6, 50.0, 0, 100, 59.88, 63.47
514964, 6, 50.0, 0, 100, 59.8, 63.43
515215, 6, 50.0, 0, 100, 59.75, 63.38
515466, 6, 50.0, 0, 100, 59.7, 63.33
515736, 6, 50.0, 0, 100, 59.63, 63.28
515987, 6, 50.0, 0, 100, 59.58, 63.25
516238, 6, 50.0, 0, 100, 59.47, 63.22
516489, 6, 50.0, 0, 100, 59.43, 63.2
516740, 6, 50.0, 0, 100, 59.38, 63.15
516991, 6, 50.0, 0, 100, 59.35, 63.1
517242, 6, 50.0, 0, 100, 59.33, 63.05
517493, 6, 50.0, 0, 100, 59.3, 63.03
517744, 6, 50.0, 0, 100, 59.28, 62.97
517995, 6, 50.0, 0, 100, 59.2, 62.97
518246, 6, 50.0, 0, 100, 59.2, 62.93
518497, 6, 50.0, 0, 100, 59.2, 62.88
518748, 6, 50.0, 0, 100, 59.2, 62.83
518999, 6, 50.0, 0, 100, 59.25, 62.78
519250, 6, 50.0, 0, 100, 59.25, 62.7
519501, 6, 50.0, 0, 100, 59.22, 62.65
519752, 6, 50.0, 0, 100, 59.15, 62.58
520003, 6, 50.0, 0, 100, 59.1, 62.53
520254, 6, 50.0, 0, 100, 58.97, 62.47
520505, 6, 50.0, 0, 100, 58.9, 62.43
520756, 6, 50.0, 0, 100, 58.83, 62.35
521007, 6, 50.0, 0, 100, 58.78, 62.3
521258, 6, 50.0, 0, 100, 58.75, 62.25
521509, 6, 50.0, 0, 100, 58.75, 62.25
521760, 6, 50.0, 0, 100, 58.75, 62.25
522011, 6, 50.0, 0, 100, 58.75, 62.25
522262, 6, 50.0, 0, 100, 58.75, 62.22
522513, 6, 50.0, 0, 100, 58.75, 62.22
522764, 6, 50.0, 0, 100, 58.7, 62.2
523015, 6, 50.0, 0, 100, 58.7, 62.15
523266, 6, 50.0, 0, 100, 58.65, 62.1
523537, 6, 50.0, 0, 100, 58.58, 62.05
523788, 6, 50.0, 0, 100, 58.58, 62.0
524039, 6, 50.0, 0, 100, 58.53, 62.0
524290, 6, 50.0, 0, 100, 58.5, 61.97
524541, 6, 50.0, 0, 100, 58.5, 61.93
524792, 6, 50.0, 0, 100, 58.5, 61.88
525043, 6, 50.0, 0, 100, 58.5, 61.85
525294, 6, 50.0, 0, 100, 58.5, 61.83
525545, 6, 50.0, 0, 100, 58.4, 61.8
525796, 6, 50.0, 0, 100, 58.33, 61.8
526047, 6, 50.0, 0, 100, 58.18, 61.75
526298, 6, 50.0, 0, 100, 58.08, 61.72
526549, 6, 50.0, 0, 100, 58.03, 61.72
526800, 6, 50.0, 0, 100, 58.0, 61.68
527051, 6, 50.0, 0, 100, 57.95, 61.63
527302, 6, 50.0, 0, 100, 57.95, 61.6
527553, 6, 50.0, 0, 100, 57.9, 61.53
527804, 6, 50.0, 0, 100, 57.85, 61.53
528055, 6, 50.0, 0, 100, 57.88, 61.5
528306, 6, 50.0, 0, 100, 57.88, 61.45
528557, 6, 50.0, 0, 100, 57.88, 61.38
528808, 6, 50.0, 0, 100, 57.88, 61.33
529059, 6, 50.0, 0, 100, 57.83, 61.25
529310, 6, 50.0, 0, 100, 57.72, 61.25
529561, 6, 50.0, 0, 100, 57.63, 61.25
529812, 6, 50.0, 0, 100, 57.58, 61.22
530063, 6, 50.0, 0, 100, 57.5, 61.18
530314, 6, 50.0, 0, 100, 57.47, 61.13
530565, 6, 50.0, 0, 100, 57.47, 61.08
530816, 6, 50.0, 0, 100, 57.5, 61.05
531067, 6, 50.0, 0, 100, 57.5, 61.05
531338, 6, 50.0, 0, 100, 57.5, 61.0
531589, 6, 50.0, 0, 100, 57.5, 60.95
531840, 6, 50.0, 0, 100, 57.45, 60.9
532091, 6, 50.0, 0, 100, 57.43, 60.85
532342, 6, 50.0, 0, 100, 57.38, 60.8
532593, 6, 50.0, 0, 100, 57.33, 60.8
532844, 6, 50.0, 0, 100, 57.28, 60.72
533095, 6, 50.0, 0, 100, 57.25, 60.68
533346, 6, 50.0, 0, 100, 57.25, 60.6
533597, 6, 50.0, 0, 100, 57.25, 60.55
533848, 6, 50.0, 0, 100, 57.25, 60.5
534099, 6, 50.0, 0, 100, 57.25, 60.5
534350, 6, 50.0, 0, 100, 57.25, 60.45
534601, 6, 50.0, 0, 100, 57.25, 60.4
534852, 6, 50.0, 0, 100, 57.25, 60.35
535103, 6, 50.0, 0, 100, 57.25, 60.3
535354, 6, 50.0, 0, 100, 57.25, 60.28
535605, 6, 50.0, 0, 100, 57.25, 60.28
535856, 6, 50.0, 0, 100, 57.22, 60.25
536107, 6, 50.0, 0, 100, 57.2, 60.2
536358, 6, 50.0, 0, 100, 57.15, 60.13
536609, 6, 50.0, 0, 100, 57.1, 60.08
536860, 6, 50.0, 0, 100, 57.05, 60.0
537111, 6, 50.0, 0, 100, 57.03, 60.0
537362, 6, 50.0, 0, 100, 57.0, 59.97
537613, 6, 50.0, 0, 100, 57.0, 59.97
537864, 6, 50.0, 0, 100, 57.0, 59.95
538115, 6, 50.0, 0, 100, 57.0, 59.9
538366, 6, 50.0, 0, 100, 56.97, 59.85
538617, 6, 50.0, 0, 100, 56.95, 59.8
538868, 6, 50.0, 0, 100, 56.9, 59.78
539139, 6, 50.0, 0, 100, 56.83, 59.72
539390, 6, 50.0, 0, 100, 56.8, 59.7
539641, 6, 50.0, 0, 100, 56.75, 59.65
539892, 6, 50.0, 0, 100, 56.75, 59.6
540143, 6, 50.0, 0, 100, 56.75, 59.55
540394, 6, 50.0, 0, 100, 56.75, 59.53
540645, 6, 50.0, 0, 100, 56.75, 59.5
540896, 6, 50.0, 0, 100, 56.75, 59.5
541147, 6, 50.0, 0, 100, 56.75, 59.47
541398, 6, 50.0, 0, 100, 56.75, 59.43
541649, 6, 50.0, 0, 100, 56.75, 59.35
541900, 6, 50.0, 0, 100, 56.72, 59.3
542151, 6, 50.0, 0, 100, 56.65, 59.25
542402, 6, 50.0, 0, 100, 56.55, 59.25
542653, 6, 50.0, 0, 100, 56.4, 59.2
542904, 6, 50.0, 0, 100, 56.33, 59.15
543155, 6, 50.0, 0, 100, 56.25, 59.1
543406, 6, 50.0, 0, 100, 56.25, 59.08
543657, 6, 50.0, 0, 100, 56.25, 59.05
543908, 6, 50.0, 0, 100, 56.28, 59.05
544159, 6, 50.0, 0, 100, 56.28, 59.03
544410, 6, 50.0, 0, 100, 56.28, 59.0
544661, 6, 50.0, 0, 100, 56.28, 58.97
544912, 6, 50.0, 0, 100, 56.25, 58.97
545163, 6, 50.0, 0, 100, 56.22, 58.93
545414, 6, 50.0, 0, 100, 56.22, 58.88
545665, 6, 50.0, 0, 100, 56.22, 58.83
545916, 6, 50.0, 0, 100, 56.2, 58.78
546167, 6, 50.0, 0, 100, 56.15, 58.75
546418, 6, 50.0, 0, 100, 56.1, 58.75
546669, 6, 50.0, 0, 100, 56.03, 58.75
546939, 6, 50.0, 0, 100, 56.0, 58.75
547190, 6, 50.0, 0, 100, 56.0, 58.7
547441, 6, 50.0, 0, 100, 56.0, 58.63
547692, 6, 50.0, 0, 100, 56.0, 58.58
547943, 6, 50.0, 0, 100, 56.0, 58.47
548194, 6, 50.0, 0, 100, 55.97, 58.43
548445, 6, 50.0, 0, 100, 55.9, 58.35
548696, 6, 50.0, 0, 100, 55.85, 58.3
548947, 6, 50.0, 0, 100, 55.78, 58.25
549198, 6, 50.0, 0, 100, 55.72, 58.25
549449, 6, 50.0, 0, 100, 55.68, 58.22
549700, 6, 50.0, 0, 100, 55.65, 58.22
549951, 6, 50.0, 0, 100, 55.6, 58.18
550202, 6, 50.0, 0, 100, 55.58, 58.15
550453, 6, 50.0, 0, 100, 55.63, 58.15
550704, 6, 50.0, 0, 100, 55.63, 58.1
550955, 6, 50.0, 0, 100, 55.68, 58.08
551206, 6, 50.0, 0, 100, 55.72, 58.05
551457, 6, 50.0, 0, 100, 55.68, 58.0
551708, 6, 50.0, 0, 100, 55.7, 58.0
551959, 6, 50.0, 0, 100, 55.65, 58.0
552210, 6, 50.0, 0, 100, 55.63, 58.0
552461, 6, 50.0, 0, 100, 55.68, 57.95
552712, 6, 50.0, 0, 100, 55.68, 57.9
552963, 6, 50.0, 0, 100, 55.65, 57.83
553214, 6, 50.0, 0, 100, 55.65, 57.78
553465, 6, 50.0, 0, 100, 55.58, 57.75
553716, 6, 50.0, 0, 100, 55.53, 57.72
553967, 6, 50.0, 0, 100, 55.5, 57.68
554218, 6, 50.0, 0, 100, 55.43, 57.63
554469, 6, 50.0, 0, 100, 55.38, 57.6
554740, 6, 50.0, 0, 100, 55.3, 57.55
554991, 6, 50.0, 0, 100, 55.28, 57.53
555242, 6, 50.0, 0, 100, 55.25, 57.53
555493, 6, 50.0, 0, 100, 55.25, 57.5
555744, 6, 50.0, 0, 100, 55.25, 57.43
555995, 6, 50.0, 0, 100, 55.25, 57.43
556246, 6, 50.0, 0, 100, 55.25, 57.38
556497, 6, 50.0, 0, 100, 55.25, 57.33
556748, 6, 50.0, 0, 100, 55.22, 57.33
556999, 6, 50.0, 0, 100, 55.18, 57.28
557250, 6, 50.0, 0, 100, 55.1, 57.25
557501, 6, 50.0, 0, 100, 55.05, 57.22
